<?xml version="1.0" encoding="UTF-8"?>
<metadata xml:lang="en"><Esri><CreaDate>20200124</CreaDate><CreaTime>13142200</CreaTime><ArcGISFormat>1.0</ArcGISFormat><SyncOnce>FALSE</SyncOnce><DataProperties><itemProps><itemName Sync="TRUE">PEF_Roads_and_Trails_Jan2020</itemName><imsContentType Sync="TRUE">002</imsContentType><itemLocation><linkage Sync="TRUE">file://\\YD04KQ1L\E$\ForestryDataPub\Finalized GIS Files\PEF_Roads_and_Trails\PEF_Roads_and_Trails_Jan2020.shp</linkage><protocol Sync="TRUE">Local Area Network</protocol></itemLocation><itemSize Sync="TRUE">0.052</itemSize><nativeExtBox><westBL Sync="TRUE">525899.900083</westBL><eastBL Sync="TRUE">533251.721695</eastBL><southBL Sync="TRUE">4961158.760482</southBL><northBL Sync="TRUE">4970350.149601</northBL><exTypeCode Sync="TRUE">1</exTypeCode></nativeExtBox></itemProps><coordRef><type Sync="TRUE">Projected</type><geogcsn Sync="TRUE">GCS_North_American_1983</geogcsn><csUnits Sync="TRUE">Linear Unit: Meter (1.000000)</csUnits><projcsn Sync="TRUE">NAD_1983_UTM_Zone_19N</projcsn><peXml Sync="TRUE">&lt;ProjectedCoordinateSystem xsi:type='typens:ProjectedCoordinateSystem' xmlns:xsi='http://www.w3.org/2001/XMLSchema-instance' xmlns:xs='http://www.w3.org/2001/XMLSchema' xmlns:typens='http://www.esri.com/schemas/ArcGIS/10.6'&gt;&lt;WKT&gt;PROJCS[&amp;quot;NAD_1983_UTM_Zone_19N&amp;quot;,GEOGCS[&amp;quot;GCS_North_American_1983&amp;quot;,DATUM[&amp;quot;D_North_American_1983&amp;quot;,SPHEROID[&amp;quot;GRS_1980&amp;quot;,6378137.0,298.257222101]],PRIMEM[&amp;quot;Greenwich&amp;quot;,0.0],UNIT[&amp;quot;Degree&amp;quot;,0.0174532925199433]],PROJECTION[&amp;quot;Transverse_Mercator&amp;quot;],PARAMETER[&amp;quot;False_Easting&amp;quot;,500000.0],PARAMETER[&amp;quot;False_Northing&amp;quot;,0.0],PARAMETER[&amp;quot;Central_Meridian&amp;quot;,-69.0],PARAMETER[&amp;quot;Scale_Factor&amp;quot;,0.9996],PARAMETER[&amp;quot;Latitude_Of_Origin&amp;quot;,0.0],UNIT[&amp;quot;Meter&amp;quot;,1.0],AUTHORITY[&amp;quot;EPSG&amp;quot;,26919]]&lt;/WKT&gt;&lt;XOrigin&gt;-5120900&lt;/XOrigin&gt;&lt;YOrigin&gt;-9998100&lt;/YOrigin&gt;&lt;XYScale&gt;450445547.3910538&lt;/XYScale&gt;&lt;ZOrigin&gt;-1043.8718470000003&lt;/ZOrigin&gt;&lt;ZScale&gt;4194304001953.124&lt;/ZScale&gt;&lt;MOrigin&gt;-100000&lt;/MOrigin&gt;&lt;MScale&gt;10000&lt;/MScale&gt;&lt;XYTolerance&gt;0.001&lt;/XYTolerance&gt;&lt;ZTolerance&gt;0.001&lt;/ZTolerance&gt;&lt;MTolerance&gt;0.001&lt;/MTolerance&gt;&lt;HighPrecision&gt;true&lt;/HighPrecision&gt;&lt;WKID&gt;26919&lt;/WKID&gt;&lt;LatestWKID&gt;26919&lt;/LatestWKID&gt;&lt;/ProjectedCoordinateSystem&gt;</peXml></coordRef><lineage><Process ToolSource="c:\program files (x86)\arcgis\desktop10.6\ArcToolbox\Toolboxes\Data Management Tools.tbx\Merge" Date="20191126" Time="111235">Merge MIDTrail_new;PEF_OldMIDTrail C:\Users\nicole.s.rogers\Documents\ArcGIS\Default.gdb\MIDTrail_new_Merge1 "type "type" true true false 10 Text 0 0 ,First,#,MIDTrail_new,type,-1,-1,PEF_OldMIDTrail,Type,-1,-1;Latitude "Latitude" true true false 19 Double 0 0 ,First,#,MIDTrail_new,Latitude,-1,-1;Longitude "Longitude" true true false 19 Double 0 0 ,First,#,MIDTrail_new,Longitude,-1,-1;y_proj "y_proj" true true false 19 Double 0 0 ,First,#,MIDTrail_new,y_proj,-1,-1;x_proj "x_proj" true true false 19 Double 0 0 ,First,#,MIDTrail_new,x_proj,-1,-1;comment "comment" true true false 254 Text 0 0 ,First,#,MIDTrail_new,comment,-1,-1;altitude "altitude" true true false 19 Double 0 0 ,First,#,MIDTrail_new,altitude,-1,-1;time "time" true true false 20 Text 0 0 ,First,#,MIDTrail_new,time,-1,-1;model "model" true true false 20 Text 0 0 ,First,#,MIDTrail_new,model,-1,-1;Distance "Distance" true true false 19 Double 0 0 ,First,#,MIDTrail_new,Distance,-1,-1;Name "Name" true true false 50 Text 0 0 ,First,#,MIDTrail_new,Name,-1,-1,PEF_OldMIDTrail,Name,-1,-1;Date "Date" true true false 19 Double 0 0 ,First,#,MIDTrail_new,Date,-1,-1,PEF_OldMIDTrail,Date,-1,-1;Id "Id" true true false 10 Long 0 10 ,First,#,PEF_OldMIDTrail,Id,-1,-1;Distance__ "Distance__" true true false 19 Double 0 0 ,First,#,PEF_OldMIDTrail,Distance__,-1,-1"</Process><Process ToolSource="c:\program files (x86)\arcgis\desktop10.6\ArcToolbox\Toolboxes\Data Management Tools.tbx\Merge" Date="20200124" Time="131211">Merge 'Final_Product\No Publish\PEF_MIDTrails';Final_Product\PEF_Roads_and_Trails_Dec2019 "D:\ForestryDataPub\Finalized GIS Files\PEF_Additional_Studies\PEF_Additional_Studies_Jan2020.shp" "TYPE "TYPE" true true false 25 Text 0 0 ,First,#,Final_Product\No Publish\PEF_MIDTrails,TYPE,-1,-1,Final_Product\PEF_Roads_and_Trails_Dec2019,TYPE,-1,-1;LABELNAME "LABELNAME" true true false 50 Text 0 0 ,First,#,Final_Product\No Publish\PEF_MIDTrails,LABELNAME,-1,-1,Final_Product\PEF_Roads_and_Trails_Dec2019,LABELNAME,-1,-1;LENGTH "LENGTH" true true false 16 Double 5 15 ,First,#,Final_Product\No Publish\PEF_MIDTrails,LENGTH,-1,-1,Final_Product\PEF_Roads_and_Trails_Dec2019,LENGTH,-1,-1;COMMENTS "COMMENTS" true true false 50 Text 0 0 ,First,#,Final_Product\No Publish\PEF_MIDTrails,COMMENTS,-1,-1,Final_Product\PEF_Roads_and_Trails_Dec2019,COMMENTS,-1,-1"</Process><Process ToolSource="c:\program files (x86)\arcgis\desktop10.6\ArcToolbox\Toolboxes\Data Management Tools.tbx\CalculateField" Date="20200318" Time="134854">CalculateField "Final_Product\Roads and MID Trails" COMMENTS1 [COMMENTS] VB #</Process><Process ToolSource="c:\program files (x86)\arcgis\desktop10.6\ArcToolbox\Toolboxes\Data Management Tools.tbx\CalculateField" Date="20200318" Time="135422">CalculateField "Final_Product\Roads and MID Trails" COMMENTS1 [COMMENTS] VB #</Process><Process ToolSource="c:\program files (x86)\arcgis\desktop10.6\ArcToolbox\Toolboxes\Data Management Tools.tbx\CalculateField" Date="20200318" Time="135645">CalculateField "Final_Product\Roads and MID Trails" COMMENTS [COMMENTS] VB #</Process><Process ToolSource="c:\program files (x86)\arcgis\desktop10.6\ArcToolbox\Toolboxes\Data Management Tools.tbx\CalculateField" Date="20200318" Time="135702">CalculateField "Final_Product\Roads and MID Trails" COMMENTS [COMMENTS1] VB #</Process><Process ToolSource="c:\program files (x86)\arcgis\desktop10.6\ArcToolbox\Toolboxes\Data Management Tools.tbx\CalculateField" Date="20200319" Time="133301">CalculateField "Final_Product\Roads and MID Trails" COMMENTS1 [COMMENTS] VB #</Process><Process ToolSource="c:\program files (x86)\arcgis\desktop10.6\ArcToolbox\Toolboxes\Data Management Tools.tbx\CalculateField" Date="20200319" Time="133413">CalculateField "Final_Product\Roads and MID Trails" COMMENTS [COMMENTS1] VB #</Process></lineage><copyHistory><copy source="D:\ForestryDataPub\Finalized GIS Files\PEF_Additional_Studies\PEF_Additional_Studies_Jan2020" dest="\\YD04KQ1L\D$\ForestryDataPub\Finalized GIS Files\PEF_Roads_and_Trails\PEF_Additional_Studies_Jan2020" date="20200124" time="13142200"></copy></copyHistory></DataProperties><SyncDate>20200320</SyncDate><SyncTime>17015200</SyncTime><ModDate>20200320</ModDate><ModTime>17015200</ModTime></Esri><dataIdInfo><envirDesc Sync="TRUE"> Version 6.2 (Build 9200) ; Esri ArcGIS 10.6.1.9270</envirDesc><dataLang><languageCode value="eng" Sync="TRUE"></languageCode><countryCode value="USA" Sync="TRUE"></countryCode></dataLang><idCitation><resTitle Sync="TRUE">PEF_Roads_and_Trails_Jan2020</resTitle><presForm><PresFormCd value="005" Sync="TRUE"></PresFormCd></presForm></idCitation><spatRpType><SpatRepTypCd value="001" Sync="TRUE"></SpatRepTypCd></spatRpType><dataExt><vertEle><vertMinVal Sync="TRUE">-0.000024</vertMinVal><vertMaxVal Sync="TRUE">59.739976</vertMaxVal></vertEle><geoEle/></dataExt><dataExt><geoEle><GeoBndBox esriExtentType="search"><exTypeCode Sync="TRUE">1</exTypeCode><westBL Sync="TRUE">-68.672503</westBL><eastBL Sync="TRUE">-68.578941</eastBL><northBL Sync="TRUE">44.886101</northBL><southBL Sync="TRUE">44.803056</southBL></GeoBndBox></geoEle></dataExt></dataIdInfo><mdLang><languageCode value="eng" Sync="TRUE"></languageCode><countryCode value="USA" Sync="TRUE"></countryCode></mdLang><distInfo><distFormat><formatName Sync="TRUE">Shapefile</formatName></distFormat><distTranOps><transSize Sync="TRUE">0.052</transSize></distTranOps></distInfo><mdHrLv><ScopeCd value="005" Sync="TRUE"></ScopeCd></mdHrLv><mdHrLvName Sync="TRUE">dataset</mdHrLvName><refSysInfo><RefSystem><refSysID><identCode code="26919" Sync="TRUE"></identCode><idCodeSpace Sync="TRUE">EPSG</idCodeSpace><idVersion Sync="TRUE">6.13(3.0.1)</idVersion></refSysID></RefSystem></refSysInfo><spatRepInfo><VectSpatRep><geometObjs Name="PEF_Roads_and_Trails_Jan2020"><geoObjTyp><GeoObjTypCd value="002" Sync="TRUE"></GeoObjTypCd></geoObjTyp><geoObjCnt Sync="TRUE">33</geoObjCnt></geometObjs><topLvl><TopoLevCd value="001" Sync="TRUE"></TopoLevCd></topLvl></VectSpatRep></spatRepInfo><spdoinfo><ptvctinf><esriterm Name="PEF_Roads_and_Trails_Jan2020"><efeatyp Sync="TRUE">Simple</efeatyp><efeageom code="3" Sync="TRUE"></efeageom><esritopo Sync="TRUE">FALSE</esritopo><efeacnt Sync="TRUE">33</efeacnt><spindex Sync="TRUE">TRUE</spindex><linrefer Sync="TRUE">TRUE</linrefer></esriterm></ptvctinf></spdoinfo><eainfo><detailed Name="PEF_Roads_and_Trails_Jan2020"><enttyp><enttypl Sync="TRUE">PEF_Roads_and_Trails_Jan2020</enttypl><enttypt Sync="TRUE">Feature Class</enttypt><enttypc Sync="TRUE">33</enttypc></enttyp><attr><attrlabl Sync="TRUE">FID</attrlabl><attalias Sync="TRUE">FID</attalias><attrtype Sync="TRUE">OID</attrtype><attwidth Sync="TRUE">4</attwidth><atprecis Sync="TRUE">0</atprecis><attscale Sync="TRUE">0</attscale><attrdef Sync="TRUE">Internal feature number.</attrdef><attrdefs Sync="TRUE">Esri</attrdefs><attrdomv><udom Sync="TRUE">Sequential unique whole numbers that are automatically generated.</udom></attrdomv></attr><attr><attrlabl Sync="TRUE">Shape</attrlabl><attalias Sync="TRUE">Shape</attalias><attrtype Sync="TRUE">Geometry</attrtype><attwidth Sync="TRUE">0</attwidth><atprecis Sync="TRUE">0</atprecis><attscale Sync="TRUE">0</attscale><attrdef Sync="TRUE">Feature geometry.</attrdef><attrdefs Sync="TRUE">Esri</attrdefs><attrdomv><udom Sync="TRUE">Coordinates defining the features.</udom></attrdomv></attr><attr><attrlabl Sync="TRUE">type</attrlabl><attalias Sync="TRUE">TYPE</attalias><attrtype Sync="TRUE">String</attrtype><attwidth Sync="TRUE">25</attwidth><atprecis Sync="TRUE">0</atprecis><attscale Sync="TRUE">0</attscale></attr><attr><attrlabl Sync="TRUE">LABELNAME</attrlabl><attalias Sync="TRUE">LABELNAME</attalias><attrtype Sync="TRUE">String</attrtype><attwidth Sync="TRUE">50</attwidth><atprecis Sync="TRUE">0</atprecis><attscale Sync="TRUE">0</attscale></attr><attr><attrlabl Sync="TRUE">METERS</attrlabl><attalias Sync="TRUE">METERS</attalias><attrtype Sync="TRUE">Double</attrtype><attwidth Sync="TRUE">16</attwidth><atprecis Sync="TRUE">15</atprecis><attscale Sync="TRUE">2</attscale></attr><attr><attrlabl Sync="TRUE">FEET</attrlabl><attalias Sync="TRUE">FEET</attalias><attrtype Sync="TRUE">Double</attrtype><attwidth Sync="TRUE">16</attwidth><atprecis Sync="TRUE">15</atprecis><attscale Sync="TRUE">2</attscale></attr><attr><attrlabl Sync="TRUE">COMMENTS</attrlabl><attalias Sync="TRUE">COMMENTS</attalias><attrtype Sync="TRUE">String</attrtype><attwidth Sync="TRUE">50</attwidth><atprecis Sync="TRUE">0</atprecis><attscale Sync="TRUE">0</attscale></attr></detailed></eainfo><mdDateSt Sync="TRUE">20200320</mdDateSt><mdChar><CharSetCd value="004" Sync="TRUE"></CharSetCd></mdChar></metadata>
