<?xml version="1.0" encoding="UTF-8"?>
<metadata xml:lang="en"><Esri><CreaDate>20200430</CreaDate><CreaTime>12180300</CreaTime><ArcGISFormat>1.0</ArcGISFormat><ArcGISstyle>FGDC CSDGM Metadata</ArcGISstyle><SyncOnce>TRUE</SyncOnce><DataProperties><itemProps><itemLocation><linkage Sync="TRUE">file://\\YD04KQ1L\E$\ForestryDataPub\Finalized GIS Files\PEF_PSP_Locations\PEF_PlotLocations_May2020</linkage><protocol Sync="TRUE">Local Area Network</protocol></itemLocation></itemProps><copyHistory><copy source="E:\New_Plot_Locations_(TrimbleData)\Merge\PEF_PlotLocations_May2020" dest="\\YD04KQ1L\E$\ForestryDataPub\Finalized GIS Files\PEF_PSP_Locations\PEF_PlotLocations_May2020" date="20200430" time="12180300"></copy></copyHistory><lineage><Process ToolSource="c:\program files\arcgis\pro\Resources\ArcToolbox\toolboxes\Data Management Tools.tbx\UpdateSchema" Date="20200501" Time="144325">UpdateSchema "CIMDATA=&lt;CIMStandardDataConnection xsi:type='typens:CIMStandardDataConnection' xmlns:xsi='http://www.w3.org/2001/XMLSchema-instance' xmlns:xs='http://www.w3.org/2001/XMLSchema' xmlns:typens='http://www.esri.com/schemas/ArcGIS/2.5.0'&gt;&lt;WorkspaceConnectionString&gt;DATABASE=E:\ForestryDataPub\Finalized GIS Files\PEF_PSP_Locations&lt;/WorkspaceConnectionString&gt;&lt;WorkspaceFactory&gt;Shapefile&lt;/WorkspaceFactory&gt;&lt;Dataset&gt;PEF_PlotLocations_May2020.shp&lt;/Dataset&gt;&lt;DatasetType&gt;esriDTFeatureClass&lt;/DatasetType&gt;&lt;/CIMStandardDataConnection&gt;" &lt;operationSequence&gt;&lt;workflow&gt;&lt;AddField&gt;&lt;field_name&gt;Field&lt;/field_name&gt;&lt;field_type&gt;LONG&lt;/field_type&gt;&lt;field_is_nullable&gt;False&lt;/field_is_nullable&gt;&lt;field_is_required&gt;False&lt;/field_is_required&gt;&lt;/AddField&gt;&lt;/workflow&gt;&lt;/operationSequence&gt;</Process><Process ToolSource="c:\program files\arcgis\pro\Resources\ArcToolbox\toolboxes\Data Management Tools.tbx\UpdateSchema" Date="20200501" Time="155808">UpdateSchema "CIMDATA=&lt;CIMStandardDataConnection xsi:type='typens:CIMStandardDataConnection' xmlns:xsi='http://www.w3.org/2001/XMLSchema-instance' xmlns:xs='http://www.w3.org/2001/XMLSchema' xmlns:typens='http://www.esri.com/schemas/ArcGIS/2.5.0'&gt;&lt;WorkspaceConnectionString&gt;DATABASE=E:\ForestryDataPub\Finalized GIS Files\PEF_PSP_Locations&lt;/WorkspaceConnectionString&gt;&lt;WorkspaceFactory&gt;Shapefile&lt;/WorkspaceFactory&gt;&lt;Dataset&gt;PEF_PlotLocations_May2020.shp&lt;/Dataset&gt;&lt;DatasetType&gt;esriDTFeatureClass&lt;/DatasetType&gt;&lt;/CIMStandardDataConnection&gt;" &lt;operationSequence&gt;&lt;workflow&gt;&lt;DeleteField&gt;&lt;field_name&gt;Field&lt;/field_name&gt;&lt;/DeleteField&gt;&lt;/workflow&gt;&lt;workflow&gt;&lt;AddField&gt;&lt;field_name&gt;MU_ID2&lt;/field_name&gt;&lt;field_type&gt;TEXT&lt;/field_type&gt;&lt;field_length&gt;255&lt;/field_length&gt;&lt;field_is_nullable&gt;False&lt;/field_is_nullable&gt;&lt;field_is_required&gt;False&lt;/field_is_required&gt;&lt;/AddField&gt;&lt;/workflow&gt;&lt;/operationSequence&gt;</Process><Process ToolSource="c:\program files\arcgis\pro\Resources\ArcToolbox\toolboxes\Data Management Tools.tbx\CalculateField" Date="20200501" Time="162038">CalculateField PEF_PlotLocations_May2020 MU_ID2 !MU_ID! "Python 3" # Text</Process><Process ToolSource="c:\program files\arcgis\pro\Resources\ArcToolbox\toolboxes\Data Management Tools.tbx\CalculateField" Date="20200501" Time="162514">CalculateField PEF_PlotLocations_May2020 MU_ID2 !MU_ID! "Python 3" # Text</Process><Process ToolSource="c:\program files\arcgis\pro\Resources\ArcToolbox\toolboxes\Data Management Tools.tbx\CalculateField" Date="20200501" Time="162706">CalculateField PEF_PlotLocations_May2020 MU_ID2 !MU_ID! "Python 3" # Text</Process><Process ToolSource="c:\program files\arcgis\pro\Resources\ArcToolbox\toolboxes\Data Management Tools.tbx\CalculateGeometryAttributes" Date="20200501" Time="195142">CalculateGeometryAttributes PEF_PlotLocations_May2020 "UTM_EAST POINT_X;UTM_NORTH POINT_Y" # # # "Decimal Degrees"</Process><Process ToolSource="c:\program files\arcgis\pro\Resources\ArcToolbox\toolboxes\Data Management Tools.tbx\CalculateGeometryAttributes" Date="20200501" Time="195220">CalculateGeometryAttributes PEF_PlotLocations_May2020 "LONGITUDE POINT_X;LATITUDE POINT_Y" # # # "Decimal Degrees"</Process><Process ToolSource="c:\program files\arcgis\pro\Resources\ArcToolbox\toolboxes\Data Management Tools.tbx\DeleteField" Date="20200501" Time="200148">DeleteField PEF_PlotLocations_May2020 FID_</Process><Process ToolSource="c:\program files (x86)\arcgis\desktop10.6\ArcToolbox\Toolboxes\Data Management Tools.tbx\CalculateField" Date="20200703" Time="131501">CalculateField PEF_PlotLocations_May2020 MU_ID_TEMP [MU_ID] VB #</Process><Process ToolSource="c:\program files (x86)\arcgis\desktop10.6\ArcToolbox\Toolboxes\Data Management Tools.tbx\CalculateField" Date="20200703" Time="134743">CalculateField PEF_PlotLocations_May2020 FRM_MU_TMP [FORMER_MU] VB #</Process><Process ToolSource="c:\program files (x86)\arcgis\desktop10.6\ArcToolbox\Toolboxes\Data Management Tools.tbx\CalculateField" Date="20200703" Time="141421">CalculateField PEF_PlotLocations_May2020 PLOT_TEMP [PLOT] VB #</Process><Process ToolSource="c:\program files (x86)\arcgis\desktop10.6\ArcToolbox\Toolboxes\Data Management Tools.tbx\CalculateField" Date="20200703" Time="141431">CalculateField PEF_PlotLocations_May2020 PLOT_TEMP [PLOT] VB #</Process><Process ToolSource="c:\program files (x86)\arcgis\desktop10.6\ArcToolbox\Toolboxes\Data Management Tools.tbx\CalculateField" Date="20200703" Time="143654">CalculateField PEF_PlotLocations_May2020 STUDY_TEMP [PLOT] VB #</Process><Process ToolSource="c:\program files (x86)\arcgis\desktop10.6\ArcToolbox\Toolboxes\Data Management Tools.tbx\CalculateField" Date="20200703" Time="143822">CalculateField PEF_PlotLocations_May2020 TRTMNT_TMP [TREATMENT] VB #</Process><Process ToolSource="c:\program files (x86)\arcgis\desktop10.6\ArcToolbox\Toolboxes\Data Management Tools.tbx\CalculateField" Date="20200703" Time="143839">CalculateField PEF_PlotLocations_May2020 STUDY_TEMP [STUDY] VB #</Process><Process ToolSource="c:\program files (x86)\arcgis\desktop10.6\ArcToolbox\Toolboxes\Data Management Tools.tbx\CalculateField" Date="20200703" Time="143950">CalculateField PEF_PlotLocations_May2020 DATUM_TEMP [DATUM] VB #</Process><Process ToolSource="c:\program files (x86)\arcgis\desktop10.6\ArcToolbox\Toolboxes\Data Management Tools.tbx\CalculateField" Date="20200703" Time="151941">CalculateField PEF_PlotLocations_May2020 PROJECT_T [PROJECTION] VB #</Process><Process ToolSource="c:\program files (x86)\arcgis\desktop10.6\ArcToolbox\Toolboxes\Data Management Tools.tbx\CalculateField" Date="20200703" Time="152259">CalculateField PEF_PlotLocations_May2020 UTM_EAST_T [UTM_EAST] VB #</Process><Process ToolSource="c:\program files (x86)\arcgis\desktop10.6\ArcToolbox\Toolboxes\Data Management Tools.tbx\CalculateField" Date="20200703" Time="152339">CalculateField PEF_PlotLocations_May2020 UTM_WEST_T [UTM_NORTH] VB #</Process><Process ToolSource="c:\program files (x86)\arcgis\desktop10.6\ArcToolbox\Toolboxes\Data Management Tools.tbx\CalculateField" Date="20200703" Time="152446">CalculateField PEF_PlotLocations_May2020 LONGITUDE_ [LONGITUDE] VB #</Process><Process ToolSource="c:\program files (x86)\arcgis\desktop10.6\ArcToolbox\Toolboxes\Data Management Tools.tbx\CalculateField" Date="20200703" Time="152530">CalculateField PEF_PlotLocations_May2020 LATITUDE_T [LATITUDE] VB #</Process><Process ToolSource="c:\program files (x86)\arcgis\desktop10.6\ArcToolbox\Toolboxes\Data Management Tools.tbx\CalculateField" Date="20200703" Time="152743">CalculateField PEF_PlotLocations_May2020 STATUS_TEM [STATUS] VB #</Process><Process ToolSource="c:\program files (x86)\arcgis\desktop10.6\ArcToolbox\Toolboxes\Data Management Tools.tbx\CalculateField" Date="20200703" Time="153329">CalculateField PEF_PlotLocations_May2020 STS_EXP_TE [STATUS_EXP] VB #</Process><Process ToolSource="c:\program files (x86)\arcgis\desktop10.6\ArcToolbox\Toolboxes\Data Management Tools.tbx\CalculateField" Date="20200703" Time="153430">CalculateField PEF_PlotLocations_May2020 STS_EXP_T [STATUS_EXP] VB #</Process><Process ToolSource="c:\program files (x86)\arcgis\desktop10.6\ArcToolbox\Toolboxes\Data Management Tools.tbx\CalculateField" Date="20200703" Time="153553">CalculateField PEF_PlotLocations_May2020 INTENSIVE_ [INTENSIVE] VB #</Process><Process ToolSource="c:\program files (x86)\arcgis\desktop10.6\ArcToolbox\Toolboxes\Data Management Tools.tbx\CalculateField" Date="20200703" Time="153757">CalculateField PEF_PlotLocations_May2020 GEODOUBT_T [GEODOUBT] VB #</Process><Process ToolSource="c:\program files (x86)\arcgis\desktop10.6\ArcToolbox\Toolboxes\Data Management Tools.tbx\CalculateField" Date="20200703" Time="154146">CalculateField PEF_PlotLocations_May2020 SOURCE_TEM [SOURCE] VB #</Process><Process ToolSource="c:\program files (x86)\arcgis\desktop10.6\ArcToolbox\Toolboxes\Data Management Tools.tbx\CalculateField" Date="20200703" Time="154224">CalculateField PEF_PlotLocations_May2020 AUTHOR_TEM [AUTHOR] VB #</Process><Process ToolSource="c:\program files (x86)\arcgis\desktop10.6\ArcToolbox\Toolboxes\Data Management Tools.tbx\CalculateField" Date="20200703" Time="155952">CalculateField PEF_PlotLocations_May2020 MU_ID [MU_ID_TEMP] VB #</Process><Process ToolSource="c:\program files (x86)\arcgis\desktop10.6\ArcToolbox\Toolboxes\Data Management Tools.tbx\CalculateField" Date="20200703" Time="160155">CalculateField PEF_PlotLocations_May2020 PLOT [PLOT_TEMP] VB #</Process><Process ToolSource="c:\program files (x86)\arcgis\desktop10.6\ArcToolbox\Toolboxes\Data Management Tools.tbx\CalculateField" Date="20200703" Time="162237">CalculateField PEF_PlotLocations_May2020 INTENSIVE [INTENSIVE_] VB #</Process><Process ToolSource="c:\program files (x86)\arcgis\desktop10.6\ArcToolbox\Toolboxes\Data Management Tools.tbx\CalculateField" Date="20200703" Time="162312">CalculateField PEF_PlotLocations_May2020 STUDY [STUDY_TEMP] VB #</Process><Process ToolSource="c:\program files (x86)\arcgis\desktop10.6\ArcToolbox\Toolboxes\Data Management Tools.tbx\CalculateField" Date="20200703" Time="162349">CalculateField PEF_PlotLocations_May2020 TREATMENT [TRTMNT_TMP] VB #</Process><Process ToolSource="c:\program files (x86)\arcgis\desktop10.6\ArcToolbox\Toolboxes\Data Management Tools.tbx\CalculateField" Date="20200703" Time="162442">CalculateField PEF_PlotLocations_May2020 DATUM [DATUM_TEMP] VB #</Process><Process ToolSource="c:\program files (x86)\arcgis\desktop10.6\ArcToolbox\Toolboxes\Data Management Tools.tbx\CalculateField" Date="20200703" Time="162551">CalculateField PEF_PlotLocations_May2020 PROJECTION [PROJECT_T] VB #</Process><Process ToolSource="c:\program files (x86)\arcgis\desktop10.6\ArcToolbox\Toolboxes\Data Management Tools.tbx\CalculateField" Date="20200703" Time="162636">CalculateField PEF_PlotLocations_May2020 UMT_EAST [UTM_EAST_T] VB #</Process><Process ToolSource="c:\program files (x86)\arcgis\desktop10.6\ArcToolbox\Toolboxes\Data Management Tools.tbx\CalculateField" Date="20200703" Time="162659">CalculateField PEF_PlotLocations_May2020 UTM_NORTH [UTM_WEST_T] VB #</Process><Process ToolSource="c:\program files (x86)\arcgis\desktop10.6\ArcToolbox\Toolboxes\Data Management Tools.tbx\CalculateField" Date="20200703" Time="162958">CalculateField PEF_PlotLocations_May2020 LONGITUDE [LONGITUDE_] VB #</Process><Process ToolSource="c:\program files (x86)\arcgis\desktop10.6\ArcToolbox\Toolboxes\Data Management Tools.tbx\CalculateField" Date="20200703" Time="163007">CalculateField PEF_PlotLocations_May2020 LATITUDE [LATITUDE_T] VB #</Process><Process ToolSource="c:\program files (x86)\arcgis\desktop10.6\ArcToolbox\Toolboxes\Data Management Tools.tbx\CalculateField" Date="20200703" Time="163049">CalculateField PEF_PlotLocations_May2020 STATUS [STATUS_TEM] VB #</Process><Process ToolSource="c:\program files (x86)\arcgis\desktop10.6\ArcToolbox\Toolboxes\Data Management Tools.tbx\CalculateField" Date="20200703" Time="163148">CalculateField PEF_PlotLocations_May2020 STATUS_EXP [STS_EXP_T] VB #</Process><Process ToolSource="c:\program files (x86)\arcgis\desktop10.6\ArcToolbox\Toolboxes\Data Management Tools.tbx\CalculateField" Date="20200703" Time="163253">CalculateField PEF_PlotLocations_May2020 GEODOUBT [GEODOUBT_T] VB #</Process><Process ToolSource="c:\program files (x86)\arcgis\desktop10.6\ArcToolbox\Toolboxes\Data Management Tools.tbx\CalculateField" Date="20200703" Time="163320">CalculateField PEF_PlotLocations_May2020 SOURCE [SOURCE_TEM] VB #</Process><Process ToolSource="c:\program files (x86)\arcgis\desktop10.6\ArcToolbox\Toolboxes\Data Management Tools.tbx\CalculateField" Date="20200703" Time="163339">CalculateField PEF_PlotLocations_May2020 AUTHOR [AUTHOR_TEM] VB #</Process><Process ToolSource="c:\program files (x86)\arcgis\desktop10.6\ArcToolbox\Toolboxes\Data Management Tools.tbx\CalculateField" Date="20200703" Time="165254">CalculateField PEF_PlotLocations_May2020 RADIUS_M [RADIUS_FT]*0.3048 VB #</Process></lineage></DataProperties></Esri></metadata>
