<?xml version="1.0" encoding="UTF-8"?>
<metadata xml:lang="en"><Esri><CreaDate>20200409</CreaDate><CreaTime>17005800</CreaTime><ArcGISFormat>1.0</ArcGISFormat><SyncOnce>FALSE</SyncOnce><DataProperties><lineage><Process ToolSource="c:\program files (x86)\arcgis\desktop10.6\ArcToolbox\Toolboxes\Data Management Tools.tbx\DefineProjection" Date="20191204" Time="135118">DefineProjection Study58FullCOPY PROJCS['NAD_1983_UTM_Zone_19N',GEOGCS['GCS_North_American_1983',DATUM['D_North_American_1983',SPHEROID['GRS_1980',6378137.0,298.257222101]],PRIMEM['Greenwich',0.0],UNIT['Degree',0.0174532925199433]],PROJECTION['Transverse_Mercator'],PARAMETER['False_Easting',500000.0],PARAMETER['False_Northing',0.0],PARAMETER['Central_Meridian',-69.0],PARAMETER['Scale_Factor',0.9996],PARAMETER['Latitude_Of_Origin',0.0],UNIT['Meter',1.0]]</Process><Process ToolSource="c:\program files (x86)\arcgis\desktop10.6\ArcToolbox\Toolboxes\Data Management Tools.tbx\FeatureToPolygon" Date="20191204" Time="135313">FeatureToPolygon Study58FullCOPY C:\Users\student1\Desktop\Liam\ArcGIS\Study58BlockTEST1.shp # ATTRIBUTES #</Process><Process ToolSource="c:\program files (x86)\arcgis\desktop10.6\ArcToolbox\Toolboxes\Data Management Tools.tbx\CalculateField" Date="20191219" Time="112713">CalculateField Final_Product\PEF_Study58Blocks BLOCK1 [Block] VB #</Process><Process ToolSource="c:\program files (x86)\arcgis\desktop10.6\ArcToolbox\Toolboxes\Data Management Tools.tbx\CalculateField" Date="20191219" Time="112750">CalculateField Final_Product\PEF_Study58Blocks TREATMENT1 [Treatment] VB #</Process><Process ToolSource="c:\program files (x86)\arcgis\desktop10.6\ArcToolbox\Toolboxes\Data Management Tools.tbx\CalculateField" Date="20191219" Time="112828">CalculateField Final_Product\PEF_Study58Blocks BLOCK [BLOCK1] VB #</Process><Process ToolSource="c:\program files (x86)\arcgis\desktop10.6\ArcToolbox\Toolboxes\Data Management Tools.tbx\CalculateField" Date="20191219" Time="112855">CalculateField Final_Product\PEF_Study58Blocks TREATMENT [TREATMENT1] VB #</Process><Process ToolSource="c:\program files (x86)\arcgis\desktop10.6\ArcToolbox\Toolboxes\Data Management Tools.tbx\CalculateField" Date="20200124" Time="124600">CalculateField PEF_Study58_Jan2020 BLOCK_1 [BLOCK] VB #</Process><Process ToolSource="c:\program files (x86)\arcgis\desktop10.6\ArcToolbox\Toolboxes\Data Management Tools.tbx\CalculateField" Date="20200124" Time="124640">CalculateField PEF_Study58_Jan2020 BLOCK "[BLOCK_1] " VB #</Process><Process ToolSource="c:\program files (x86)\arcgis\desktop10.6\ArcToolbox\Toolboxes\Data Management Tools.tbx\Merge" Date="20200124" Time="124759">Merge PEF_Study58_Jan2020;PEF_RehabStudy_Jan2020;PEF_C33_Jan2020 "D:\ForestryDataPub\Finalized GIS Files\PEF_Additional_Studies\PEF_Additional_Studies_Jan202.shp" "TREATMENT "TREATMENT" true true false 50 Text 0 0 ,First,#,PEF_Study58_Jan2020,TREATMENT,-1,-1,PEF_RehabStudy_Jan2020,TREATMENT,-1,-1,PEF_C33_Jan2020,TREATMENT,-1,-1;AREA "AREA" true true false 16 Double 5 15 ,First,#,PEF_Study58_Jan2020,AREA,-1,-1,PEF_RehabStudy_Jan2020,AREA,-1,-1,PEF_C33_Jan2020,AREA,-1,-1;COMMENTS "COMMENTS" true true false 50 Text 0 0 ,First,#,PEF_Study58_Jan2020,COMMENTS,-1,-1,PEF_RehabStudy_Jan2020,COMMENTS,-1,-1,PEF_C33_Jan2020,COMMENTS,-1,-1;BLOCK "BLOCK" true true false 5 Text 0 0 ,First,#,PEF_Study58_Jan2020,BLOCK,-1,-1,PEF_RehabStudy_Jan2020,BLOCK,-1,-1,PEF_C33_Jan2020,BLOCK,-1,-1"</Process><Process ToolSource="c:\program files (x86)\arcgis\desktop10.6\ArcToolbox\Toolboxes\Data Management Tools.tbx\CalculateField" Date="20200124" Time="125141">CalculateField PEF_Additional_Studies_Jan202 BLOCK_1 [BLOCK] VB #</Process><Process ToolSource="c:\program files (x86)\arcgis\desktop10.6\ArcToolbox\Toolboxes\Data Management Tools.tbx\CalculateField" Date="20200124" Time="125154">CalculateField PEF_Additional_Studies_Jan202 TREATMEN_1 [TREATMENT] VB #</Process><Process ToolSource="c:\program files (x86)\arcgis\desktop10.6\ArcToolbox\Toolboxes\Data Management Tools.tbx\CalculateField" Date="20200124" Time="125245">CalculateField PEF_Additional_Studies_Jan202 BLOCK [BLOCK_1] VB #</Process><Process ToolSource="c:\program files (x86)\arcgis\desktop10.6\ArcToolbox\Toolboxes\Data Management Tools.tbx\CalculateField" Date="20200124" Time="125321">CalculateField PEF_Additional_Studies_Jan202 TREATMENT [TREATMEN_1] VB #</Process><Process ToolSource="c:\program files (x86)\arcgis\desktop10.6\ArcToolbox\Toolboxes\Data Management Tools.tbx\CalculateField" Date="20200124" Time="143310">CalculateField Final_Product\PEF_Additional_Studies_Jan202 EU [BLOCK] VB #</Process><Process ToolSource="c:\program files (x86)\arcgis\desktop10.6\ArcToolbox\Toolboxes\Data Management Tools.tbx\CalculateField" Date="20200124" Time="143327">CalculateField Final_Product\PEF_Additional_Studies_Jan202 TREATMEN_1 [TREATMENT] VB #</Process><Process ToolSource="c:\program files (x86)\arcgis\desktop10.6\ArcToolbox\Toolboxes\Data Management Tools.tbx\CalculateField" Date="20200124" Time="143400">CalculateField Final_Product\PEF_Additional_Studies_Jan202 TREATMENT [TREATMEN_1] VB #</Process><Process ToolSource="c:\program files (x86)\arcgis\desktop10.6\ArcToolbox\Toolboxes\Data Management Tools.tbx\Merge" Date="20200318" Time="143236">Merge Final_Product\PEF_Additional_Studies_Jan202;Final_Product\C33Replicates "E:\ForestryDataPub\ALL GIS Files\CreatedFiles\PEF_Additional_Studies_March2020.shp" "STUDY "STUDY" true true false 50 Text 0 0 ,First,#,Final_Product\PEF_Additional_Studies_Jan202,STUDY,-1,-1;EU "EU" true true false 5 Text 0 0 ,First,#,Final_Product\PEF_Additional_Studies_Jan202,EU,-1,-1;TREATMENT "TREATMENT" true true false 50 Text 0 0 ,First,#,Final_Product\PEF_Additional_Studies_Jan202,TREATMENT,-1,-1;ACRES "ACRES" true true false 16 Double 2 15 ,First,#,Final_Product\PEF_Additional_Studies_Jan202,ACRES,-1,-1;HECTARES "HECTARES" true true false 16 Double 7 15 ,First,#,Final_Product\PEF_Additional_Studies_Jan202,HECTARES,-1,-1;COMMENTS "COMMENTS" true true false 50 Text 0 0 ,First,#,Final_Product\PEF_Additional_Studies_Jan202,COMMENTS,-1,-1;Id "Id" true true false 6 Long 0 6 ,First,#,Final_Product\C33Replicates,Id,-1,-1"</Process><Process ToolSource="c:\program files (x86)\arcgis\desktop10.6\ArcToolbox\Toolboxes\Data Management Tools.tbx\Merge" Date="20200331" Time="160706">Merge Final_Product\PEF_Additional_Studies_March2020;MU55_N_inner_blocks_CORRECTED "E:\ForestryDataPub\Finalized GIS Files\PEF_Additional_Studies\PEF_Additional_Studies_April2020.shp" "STUDY "STUDY" true true false 50 Text 0 0 ,First,#,Final_Product\PEF_Additional_Studies_March2020,STUDY,-1,-1,MU55_N_inner_blocks_CORRECTED,STUDY,-1,-1;EU "EU" true true false 5 Text 0 0 ,First,#,Final_Product\PEF_Additional_Studies_March2020,EU,-1,-1,MU55_N_inner_blocks_CORRECTED,EU,-1,-1;TREATMENT "TREATMENT" true true false 50 Text 0 0 ,First,#,Final_Product\PEF_Additional_Studies_March2020,TREATMENT,-1,-1,MU55_N_inner_blocks_CORRECTED,TREATMENT,-1,-1;ACRES "ACRES" true true false 16 Double 2 15 ,First,#,Final_Product\PEF_Additional_Studies_March2020,ACRES,-1,-1,MU55_N_inner_blocks_CORRECTED,ACRES,-1,-1;HECTARES "HECTARES" true true false 16 Double 7 15 ,First,#,Final_Product\PEF_Additional_Studies_March2020,HECTARES,-1,-1,MU55_N_inner_blocks_CORRECTED,HECTARES,-1,-1;COMMENTS "COMMENTS" true true false 50 Text 0 0 ,First,#,Final_Product\PEF_Additional_Studies_March2020,COMMENTS,-1,-1,MU55_N_inner_blocks_CORRECTED,COMMENTS,-1,-1"</Process><Process ToolSource="c:\program files (x86)\arcgis\desktop10.6\ArcToolbox\Toolboxes\Data Management Tools.tbx\Append" Date="20200409" Time="173640">Append PEF_Additional_Studies_April2020Copy2;PEF_Additional_Studies_April2020Copy3 PEF_Additional_Studies_April2020Copy TEST # #</Process></lineage><itemProps><itemName Sync="TRUE">PEF_Additional_Studies_April2020</itemName><imsContentType Sync="TRUE">002</imsContentType><itemSize Sync="TRUE">0.000</itemSize><itemLocation><linkage Sync="TRUE">file://\\YD04KQ1L\E$\ForestryDataPub\Finalized GIS Files\PEF_Additional_Studies\PEF_Additional_Studies_April2020Copy</linkage><protocol Sync="TRUE">Local Area Network</protocol></itemLocation></itemProps><coordRef><type Sync="TRUE">Projected</type><geogcsn Sync="TRUE">GCS_North_American_1983</geogcsn><csUnits Sync="TRUE">Linear Unit: Meter (1.000000)</csUnits><projcsn Sync="TRUE">NAD_1983_UTM_Zone_19N</projcsn><peXml Sync="TRUE">&lt;ProjectedCoordinateSystem xsi:type='typens:ProjectedCoordinateSystem' xmlns:xsi='http://www.w3.org/2001/XMLSchema-instance' xmlns:xs='http://www.w3.org/2001/XMLSchema' xmlns:typens='http://www.esri.com/schemas/ArcGIS/10.6'&gt;&lt;WKT&gt;PROJCS[&amp;quot;NAD_1983_UTM_Zone_19N&amp;quot;,GEOGCS[&amp;quot;GCS_North_American_1983&amp;quot;,DATUM[&amp;quot;D_North_American_1983&amp;quot;,SPHEROID[&amp;quot;GRS_1980&amp;quot;,6378137.0,298.257222101]],PRIMEM[&amp;quot;Greenwich&amp;quot;,0.0],UNIT[&amp;quot;Degree&amp;quot;,0.0174532925199433]],PROJECTION[&amp;quot;Transverse_Mercator&amp;quot;],PARAMETER[&amp;quot;False_Easting&amp;quot;,500000.0],PARAMETER[&amp;quot;False_Northing&amp;quot;,0.0],PARAMETER[&amp;quot;Central_Meridian&amp;quot;,-69.0],PARAMETER[&amp;quot;Scale_Factor&amp;quot;,0.9996],PARAMETER[&amp;quot;Latitude_Of_Origin&amp;quot;,0.0],UNIT[&amp;quot;Meter&amp;quot;,1.0],AUTHORITY[&amp;quot;EPSG&amp;quot;,26919]]&lt;/WKT&gt;&lt;XOrigin&gt;-5120900&lt;/XOrigin&gt;&lt;YOrigin&gt;-9998100&lt;/YOrigin&gt;&lt;XYScale&gt;450445547.3910538&lt;/XYScale&gt;&lt;ZOrigin&gt;-100000&lt;/ZOrigin&gt;&lt;ZScale&gt;10000&lt;/ZScale&gt;&lt;MOrigin&gt;-100000&lt;/MOrigin&gt;&lt;MScale&gt;10000&lt;/MScale&gt;&lt;XYTolerance&gt;0.001&lt;/XYTolerance&gt;&lt;ZTolerance&gt;0.001&lt;/ZTolerance&gt;&lt;MTolerance&gt;0.001&lt;/MTolerance&gt;&lt;HighPrecision&gt;true&lt;/HighPrecision&gt;&lt;WKID&gt;26919&lt;/WKID&gt;&lt;LatestWKID&gt;26919&lt;/LatestWKID&gt;&lt;/ProjectedCoordinateSystem&gt;</peXml></coordRef><copyHistory><copy source="E:\ForestryDataPub\Finalized GIS Files\PEF_Additional_Studies\PEF_Additional_Studies_April2020" dest="\\YD04KQ1L\E$\ForestryDataPub\Finalized GIS Files\PEF_Additional_Studies\PEF_Additional_Studies_April2020Copy" date="20200409" time="17005800"></copy></copyHistory></DataProperties><SyncDate>20200331</SyncDate><SyncTime>16070400</SyncTime><ModDate>20200331</ModDate><ModTime>16070400</ModTime><ArcGISstyle>FGDC CSDGM Metadata</ArcGISstyle></Esri><dataIdInfo><envirDesc Sync="TRUE"> Version 6.2 (Build 9200) ; Esri ArcGIS 10.6.1.9270</envirDesc><dataLang><languageCode value="eng" Sync="TRUE"></languageCode><countryCode value="USA" Sync="TRUE"></countryCode></dataLang><idCitation><resTitle Sync="TRUE">PEF_Additional_Studies_April2020</resTitle><presForm><PresFormCd value="005" Sync="TRUE"></PresFormCd></presForm></idCitation><spatRpType><SpatRepTypCd value="001" Sync="TRUE"></SpatRepTypCd></spatRpType></dataIdInfo><mdLang><languageCode value="eng" Sync="TRUE"></languageCode><countryCode value="USA" Sync="TRUE"></countryCode></mdLang><mdChar><CharSetCd value="004" Sync="TRUE"></CharSetCd></mdChar><distInfo><distFormat><formatName Sync="TRUE">Shapefile</formatName></distFormat><distTranOps><transSize Sync="TRUE">0.000</transSize></distTranOps></distInfo><mdHrLv><ScopeCd value="005" Sync="TRUE"></ScopeCd></mdHrLv><mdHrLvName Sync="TRUE">dataset</mdHrLvName><refSysInfo><RefSystem><refSysID><identCode code="26919" Sync="TRUE"></identCode><idCodeSpace Sync="TRUE">EPSG</idCodeSpace><idVersion Sync="TRUE">6.13(3.0.1)</idVersion></refSysID></RefSystem></refSysInfo><spatRepInfo><VectSpatRep><geometObjs Name="PEF_Additional_Studies_April2020"><geoObjTyp><GeoObjTypCd value="002" Sync="TRUE"></GeoObjTypCd></geoObjTyp><geoObjCnt Sync="TRUE">0</geoObjCnt></geometObjs><topLvl><TopoLevCd value="001" Sync="TRUE"></TopoLevCd></topLvl></VectSpatRep></spatRepInfo><spdoinfo><ptvctinf><esriterm Name="PEF_Additional_Studies_April2020"><efeatyp Sync="TRUE">Simple</efeatyp><efeageom code="4" Sync="TRUE"></efeageom><esritopo Sync="TRUE">FALSE</esritopo><efeacnt Sync="TRUE">0</efeacnt><spindex Sync="TRUE">FALSE</spindex><linrefer Sync="TRUE">FALSE</linrefer></esriterm></ptvctinf></spdoinfo><eainfo><detailed Name="PEF_Additional_Studies_April2020"><enttyp><enttypl Sync="TRUE">PEF_Additional_Studies_April2020</enttypl><enttypt Sync="TRUE">Feature Class</enttypt><enttypc Sync="TRUE">0</enttypc></enttyp><attr><attrlabl Sync="TRUE">FID</attrlabl><attalias Sync="TRUE">FID</attalias><attrtype Sync="TRUE">OID</attrtype><attwidth Sync="TRUE">4</attwidth><atprecis Sync="TRUE">0</atprecis><attscale Sync="TRUE">0</attscale><attrdef Sync="TRUE">Internal feature number.</attrdef><attrdefs Sync="TRUE">Esri</attrdefs><attrdomv><udom Sync="TRUE">Sequential unique whole numbers that are automatically generated.</udom></attrdomv></attr><attr><attrlabl Sync="TRUE">Shape</attrlabl><attalias Sync="TRUE">Shape</attalias><attrtype Sync="TRUE">Geometry</attrtype><attwidth Sync="TRUE">0</attwidth><atprecis Sync="TRUE">0</atprecis><attscale Sync="TRUE">0</attscale><attrdef Sync="TRUE">Feature geometry.</attrdef><attrdefs Sync="TRUE">Esri</attrdefs><attrdomv><udom Sync="TRUE">Coordinates defining the features.</udom></attrdomv></attr><attr><attrlabl Sync="TRUE">STUDY</attrlabl><attalias Sync="TRUE">STUDY</attalias><attrtype Sync="TRUE">String</attrtype><attwidth Sync="TRUE">50</attwidth><atprecis Sync="TRUE">0</atprecis><attscale Sync="TRUE">0</attscale></attr><attr><attrlabl Sync="TRUE">EU</attrlabl><attalias Sync="TRUE">EU</attalias><attrtype Sync="TRUE">String</attrtype><attwidth Sync="TRUE">5</attwidth><atprecis Sync="TRUE">0</atprecis><attscale Sync="TRUE">0</attscale></attr><attr><attrlabl Sync="TRUE">TREATMENT</attrlabl><attalias Sync="TRUE">TREATMENT</attalias><attrtype Sync="TRUE">String</attrtype><attwidth Sync="TRUE">50</attwidth><atprecis Sync="TRUE">0</atprecis><attscale Sync="TRUE">0</attscale></attr><attr><attrlabl Sync="TRUE">ACRES</attrlabl><attalias Sync="TRUE">ACRES</attalias><attrtype Sync="TRUE">Double</attrtype><attwidth Sync="TRUE">16</attwidth><atprecis Sync="TRUE">15</atprecis><attscale Sync="TRUE">2</attscale></attr><attr><attrlabl Sync="TRUE">HECTARES</attrlabl><attalias Sync="TRUE">HECTARES</attalias><attrtype Sync="TRUE">Double</attrtype><attwidth Sync="TRUE">16</attwidth><atprecis Sync="TRUE">15</atprecis><attscale Sync="TRUE">7</attscale></attr><attr><attrlabl Sync="TRUE">COMMENTS</attrlabl><attalias Sync="TRUE">COMMENTS</attalias><attrtype Sync="TRUE">String</attrtype><attwidth Sync="TRUE">50</attwidth><atprecis Sync="TRUE">0</atprecis><attscale Sync="TRUE">0</attscale></attr></detailed></eainfo><mdDateSt Sync="TRUE">20200331</mdDateSt></metadata>
