MU,NUMBER,ACTIVITY,MONTH,YEAR,RECORD,MINDBH,MAXDBH,PLOTSIZE,NUMPLOTS,UNITSIZE,COMMENTS
90,1,harvest,6,1950,TRUE,,,,,9.91,
90,2,harvest,1,1956,TRUE,,,,,9.91,
90,3,harvest,3,1960,TRUE,,,,,9.91,
90,4,harvest,8,1965,TRUE,,,,,9.91,
90,5,harvest,10,1969,TRUE,,,,,9.91,
90,6,harvest,12,1974,TRUE,,,,,9.91,
90,7,harvest,10,1979,TRUE,,,,,9.91,
90,8,harvest,10,1984,TRUE,,,,,9.91,
90,9,harvest,10,1990,TRUE,,,,,9.91,
90,10,harvest,3,1996,TRUE,,,,,9.91,
90,11,harvest,10,2000,TRUE,,,,,9.91,
90,13,harvest,2,2011,TRUE,,,,,9.91,
90,12,harvest,,,FALSE,,,,,9.91,
91,1,harvest,6,1950,TRUE,,,,,9.74,
91,2,harvest,5,1965,TRUE,,,,,9.74,
91,3,harvest,10,1979,TRUE,,,,,9.74
91,4,harvest,3,1996,TRUE,,,,,9.74
91,5,harvest,2,2011,TRUE,,,,,9.74
92,1,harvest,7,1950,TRUE,,,,,9.91
92,2,harvest,8,1965,TRUE,,,,,9.91
92,3,harvest,11,1979,TRUE,,,,,9.91
92,4,harvest,2,1996,TRUE,,,,,9.91
92,5,harvest,2,2011,TRUE,,,,,9.91
93,1,harvest,9,1950,TRUE,,,,,10.28
93B,2,harvest,10,1972,TRUE,,,,,3.6
93C,2,harvest,,,FALSE,,,,,2.8
90,1,marking,4,1950,TRUE,,,,,9.91
90,2,marking,4,1955,TRUE,,,,,9.91
90,3,marking,9,1959,TRUE,,,,,9.91
90,4,marking,10,1964,TRUE,,,,,9.91
90,5,marking,8,1969,TRUE,,,,,9.91
90,6,marking,11,1974,TRUE,,,,,9.91
90,8,marking,9,1984,TRUE,,,,,9.91
90,9,marking,9,1990,TRUE,,,,,9.91
90,10,marking,11,1995,TRUE,,,,,9.91
90,11,marking,9,2000,TRUE,,,,,9.91
90,13,marking,10,2010,TRUE,,,,,9.91
90,7,marking,,,FALSE,,,,,9.91
90,12,marking,,,FALSE,,,,,9.91
91,1,marking,4,1950,TRUE,,,,,9.74
91,3,marking,10,1979,TRUE,,,,,9.74
91,4,marking,12,1995,TRUE,,,,,9.74
91,5,marking,9,2010,TRUE,,,,,9.74
91,2,marking,,,FALSE,,,,,9.74
92,1,marking,4,1950,TRUE,,,,,9.91
92,2,marking,11,1964,TRUE,,,,,9.91
92,3,marking,9,1979,TRUE,,,,,9.91
92,4,marking,10,1995,TRUE,,,,,9.91,
92,5,marking,9,2010,TRUE,,,,,9.91,
93,1,marking,,,FALSE,,,,,10.28,
90,,other,6,1988,TRUE,,,,,9.91,six spruce trees cut for isotope study
93,,other,9,1953,TRUE,,,,,10.28,memo noting removal of eight birch trees
90,0,overstory,2,1950,TRUE,4.5,,9.91,1,9.91,
90,1,overstory,11,1951,TRUE,4.5,,9.91,1,9.91,
90,2,overstory,1,1955,TRUE,4.5,,9.91,1,9.91,
90,4,overstory,7,1959,TRUE,4.5,,9.91,1,9.91,
90,6,overstory,10,1964,TRUE,4.5,,9.91,1,9.91,
90,8,overstory,7,1969,TRUE,4.5,,9.91,1,9.91,
90,9,overstory,12,1969,TRUE,4.5,,9.91,1,9.91,
90,10,overstory,9,1974,TRUE,4.5,,9.91,1,9.91,
90,11,overstory,12,1974,TRUE,4.5,,9.91,1,9.91,
90,12,overstory,9,1979,TRUE,4.5,,9.91,1,9.91,
90,13,overstory,10,1979,TRUE,4.5,,9.91,1,9.91,
90,14,overstory,8,1984,TRUE,4.5,,9.91,1,9.91
90,15,overstory,11,1984,TRUE,4.5,,9.91,1,9.91
90,16,overstory,5,1990,TRUE,4.5,,9.91,1,9.91
90,18,overstory,7,1995,TRUE,4.5,,9.91,1,9.91
90,20,overstory,7,2000,TRUE,4.5,,0.2,6,9.91
90,21,overstory,7,2001,TRUE,4.5,,0.2,6,9.91
90,22,overstory,6,2005,TRUE,4.5,,0.2,6,9.91
90,24,overstory,12,2009,TRUE,4.5,,0.2,6,9.91
90,25,overstory,5,2011,TRUE,4.5,,0.2,6,9.91
90,3,overstory,,,FALSE,,,,,9.91
90,5,overstory,,,FALSE,,,,,9.91
90,7,overstory,,,FALSE,,,,,9.91
90,17,overstory,,,FALSE,,,,,9.91
90,19,overstory,,,FALSE,,,,,9.91
90,23,overstory,,,FALSE,,,,,9.91
91,0,overstory,2,1950,TRUE,4.5,,9.74,1,9.74
91,1,overstory,10,1951,TRUE,4.5,,9.74,1,9.74
91,2,overstory,6,1955,TRUE,4.5,,9.74,1,9.74
91,3,overstory,7,1959,TRUE,4.5,,9.74,1,9.74
91,4,overstory,10,1964,TRUE,4.5,,9.74,1,9.74
91,5,overstory,6,1965,TRUE,4.5,,9.74,1,9.74
91,6,overstory,7,1969,TRUE,4.5,,9.74,1,9.74
91,7,overstory,6,1975,TRUE,4.5,,9.74,1,9.74
91,8,overstory,8,1979,TRUE,4.5,,9.74,1,9.74
91,9,overstory,11,1979,TRUE,4.5,,9.74,1,9.74
91,10,overstory,8,1984,TRUE,4.5,,9.74,1,9.74
91,11,overstory,8,1990,TRUE,4.5,,9.74,1,9.74
91,12,overstory,7,1995,TRUE,4.5,,9.74,1,9.74
91,14,overstory,7,2000,TRUE,4.5,,0.2,6,9.74
91,15,overstory,7,2005,TRUE,4.5,,0.2,6,9.74
91,16,overstory,6,2010,TRUE,4.5,,0.2,6,9.74
91,17,overstory,5,2011,TRUE,4.5,,0.2,6,9.74
91,13,overstory,,,FALSE,,,,,9.74
92,0,overstory,3,1950,TRUE,4.5,,9.91,1,9.91
92,1,overstory,10,1951,TRUE,4.5,,9.91,1,9.91
92,2,overstory,6,1955,TRUE,4.5,,9.91,1,9.91
92,3,overstory,8,1959,TRUE,4.5,,9.91,1,9.91
92,4,overstory,10,1964,TRUE,4.5,,9.91,1,9.91
92,5,overstory,9,1965,TRUE,4.5,,9.91,1,9.91
92,6,overstory,8,1969,TRUE,4.5,,9.91,1,9.91
92,7,overstory,6,1975,TRUE,4.5,,9.91,1,9.91
92,8,overstory,8,1979,TRUE,4.5,,9.91,1,9.91
92,9,overstory,11,1979,TRUE,4.5,,9.91,1,9.91
92,10,overstory,11,1984,TRUE,4.5,,9.91,1,9.91
92,11,overstory,8,1990,TRUE,4.5,,9.91,1,9.91
92,12,overstory,8,1995,TRUE,4.5,,9.91,1,9.91
92,14,overstory,6,2000,TRUE,4.5,,0.2,6,9.91
92,15,overstory,7,2005,TRUE,4.5,,0.2,6,9.91
92,16,overstory,6,2010,TRUE,4.5,,0.2,6,9.91
92,17,overstory,5,2011,TRUE,4.5,,0.2,6,9.91
92,13,overstory,,,FALSE,,,,,9.91
93,0,overstory,2,1950,TRUE,4.5,,10.28,1,10.28
93,1,overstory,11,1951,TRUE,4.5,,10.28,1,10.28
93,2,overstory,1,1955,TRUE,4.5,,10.28,1,10.28
93,3,overstory,8,1959,TRUE,4.5,,10.28,1,10.28
93,4,overstory,10,1964,TRUE,4.5,,10.28,1,10.28
93,5,overstory,8,1969,TRUE,4.5,,10.28,1,10.28
93A,6,overstory,7,1972,TRUE,4.5,,3.3,1,3.3
93A,7,overstory,6,1975,TRUE,4.5,,3.3,1,3.3
93A,8,overstory,9,1979,TRUE,4.5,,3.3,1,3.3
93A,9,overstory,11,1984,TRUE,4.5,,3.3,1,3.3
93A,10,overstory,9,1990,TRUE,4.5,,3.3,1,3.3
93A,11,overstory,8,1995,TRUE,4.5,,3.3,1,3.3
93A,12,overstory,7,2000,TRUE,4.5,,0.2,2,3.3
93A,13,overstory,8,2004,TRUE,4.5,,0.2,2,3.3
93A,14,overstory,6,2010,TRUE,4.5,,0.2,2,3.3
93B,6,overstory,7,1972,TRUE,4.5,,3.6,1,3.6
93B,7,overstory,11,1972,TRUE,4.5,,3.6,1,3.6
93B,8,overstory,6,1975,TRUE,4.5,,3.6,1,3.6
93B,9,overstory,9,1979,TRUE,4.5,,3.6,1,3.6
93B,10,overstory,11,1984,TRUE,4.5,,3.6,1,3.6
93B,11,overstory,9,1990,TRUE,4.5,,3.6,1,3.6
93B,12,overstory,8,1995,TRUE,4.5,,3.6,1,3.6
93B,13,overstory,7,2000,TRUE,4.5,,0.2,2,3.6
93B,14,overstory,8,2004,TRUE,4.5,,0.2,2,3.6
93B,15,overstory,6,2010,TRUE,4.5,,0.2,2,3.6
93C,6,overstory,7,1972,TRUE,4.5,,3.38,1,3.38
93C,9,overstory,9,1976,TRUE,4.5,,3.38,1,3.38
93C,10,overstory,5,1982,TRUE,4.5,,3.38,1,3.38
93C,11,overstory,11,1984,TRUE,4.5,,2.8,1,2.8
93C,12,overstory,9,1990,TRUE,4.5,,2.8,1,2.8
93C,13,overstory,10,1995,TRUE,4.5,,2.8,1,2.8
93C,14,overstory,7,2000,TRUE,4.5,,0.2,2,2.8
93C,15,overstory,8,2004,TRUE,4.5,,0.2,2,2.8
93C,16,overstory,6,2010,TRUE,4.5,,0.2,2,2.8
93C,7,overstory,,,FALSE,,,,,2.8
93C,8,overstory,,,FALSE,,,,,2.8
90,,PCT,6,2012,FALSE,,,,,9.91
91,,PCT,6,2012,FALSE,,,,,9.74
93C,,PCT,12,1981,TRUE,,,,,2.8
90,,pruning,12,1974,TRUE,,,,,9.91
90,7,pruning,9,1979,TRUE,,,,,9.91
90,0,sapling,5,1950,TRUE,0.5,4.5,0.2,1,9.91
90,1,sapling,10,1952,TRUE,0.5,4.5,0.2,1,9.91
90,3,sapling,10,1955,TRUE,0,4.5,0.2,1,9.91
90,4,sapling,8,1959,TRUE,0,4.5,0.2,1,9.91
90,6,sapling,9,1964,TRUE,0,4.5,0.2,1,9.91
90,8,sapling,8,1969,TRUE,0,4.5,0.2,1,9.91
90,10,sapling,9,1974,TRUE,0,4.5,0.1,2,9.91
90,11,sapling,2,1975,TRUE,0,4.5,0.2,1,9.91
90,12,sapling,9,1979,TRUE,0,4.5,0.4,1,9.91
90,13,sapling,10,1979,TRUE,0,4.5,0.4,1,9.91
90,14,sapling,8,1984,TRUE,0,4.5,0.1,4,9.91
90,15,sapling,4,1985,TRUE,0,4.5,0.1,4,9.91
90,16,sapling,7,1990,TRUE,0.5,4.5,0.1,4,9.91
90,17,sapling,10,1990,TRUE,0.5,4.5,0.1,4,9.91
90,18,sapling,7,1995,TRUE,0.5,4.5,0.1,4,9.91
90,2,sapling,,,FALSE,,,,,9.91
90,5,sapling,,,FALSE,,,,,9.91
90,7,sapling,,,FALSE,,,,,9.91
90,9,sapling,,,FALSE,,,,,9.91
90,19,sapling,,,FALSE,,,,,9.91
90,23,sapling,,,FALSE,,,,,9.91
91,0,sapling,5,1950,TRUE,0.5,4.5,0.2,1,9.74
91,1,sapling,10,1952,TRUE,0.5,4.5,0.2,1,9.74
91,2,sapling,10,1955,TRUE,0,4.5,0.2,1,9.74
91,3,sapling,8,1959,TRUE,0,4.5,0.2,1,9.74
91,4,sapling,9,1964,TRUE,0,4.5,0.2,1,9.74
91,5,sapling,9,1965,TRUE,0,4.5,0.2,1,9.74
91,6,sapling,8,1969,TRUE,0,4.5,0.2,1,9.74
91,7,sapling,6,1975,TRUE,0,4.5,0.1,4,9.74
91,8,sapling,9,1979,TRUE,0,4.5,0.4,1,9.74
91,9,sapling,10,1979,TRUE,0,4.5,0.4,1,9.74
91,10,sapling,9,1984,TRUE,0,4.5,0.1,4,9.74
91,11,sapling,8,1990,TRUE,0.5,4.5,0.1,4,9.74
91,12,sapling,7,1995,TRUE,0.5,4.5,0.1,4,9.74
91,13,sapling,,,FALSE,,,,,9.74
92,0,sapling,5,1950,TRUE,0.5,4.5,0.2,1,9.91
92,1,sapling,10,1952,TRUE,0.5,4.5,0.2,1,9.91
92,2,sapling,10,1955,TRUE,0,4.5,0.2,1,9.91
92,3,sapling,8,1959,TRUE,0,4.5,0.2,1,9.91
92,4,sapling,9,1964,TRUE,0,4.5,0.2,1,9.91
92,5,sapling,9,1965,TRUE,0,4.5,0.2,1,9.91
92,6,sapling,8,1969,TRUE,0,4.5,0.2,1,9.91
92,7,sapling,6,1975,TRUE,0,4.5,0.1,4,9.91
92,8,sapling,9,1979,TRUE,0,4.5,0.4,1,9.91
92,9,sapling,11,1979,TRUE,0,4.5,0.4,1,9.91
92,10,sapling,10,1984,TRUE,0,4.5,0.1,4,9.91
92,11,sapling,8,1990,TRUE,0.5,4.5,0.1,4,9.91
92,12,sapling,7,1995,TRUE,0.5,4.5,0.1,4,9.91
92,13,sapling,,,FALSE,,,,,9.91
93,0,sapling,5,1950,TRUE,0.5,4.5,0.2,1,10.28
93,1,sapling,10,1952,TRUE,0.5,4.5,0.2,1,10.28
93,2,sapling,10,1955,TRUE,0,4.5,0.2,1,10.28
93,3,sapling,8,1959,TRUE,0,4.5,0.2,1,10.28
93,4,sapling,10,1964,TRUE,0,4.5,0.2,1,10.28
93,5,sapling,8,1969,TRUE,0,4.5,0.2,1,10.28
93A,6,sapling,7,1972,TRUE,0,4.5,0.2,1,3.3
93A,7,sapling,6,1975,TRUE,0,4.5,0.1,2,3.3
93A,8,sapling,9,1979,TRUE,0,4.5,0.1,2,3.3
93A,9,sapling,11,1984,TRUE,0,4.5,0.1,2,3.3
93A,10,sapling,8,1990,TRUE,0.5,4.5,0.1,2,3.3
93A,11,sapling,8,1995,TRUE,0.5,4.5,0.1,2,3.3
93B,6,sapling,7,1972,TRUE,0,4.5,0.2,1,3.6
93B,7,sapling,5,1973,TRUE,0,4.5,0.2,1,3.6
93B,8,sapling,6,1975,TRUE,0,4.5,0.1,2,3.6
93B,9,sapling,9,1979,TRUE,0,4.5,0.1,2,3.6
93B,10,sapling,11,1984,TRUE,0,4.5,0.1,2,3.6
93B,11,sapling,8,1990,TRUE,0.5,4.5,0.1,2,3.6
93B,12,sapling,8,1995,TRUE,0.5,4.5,0.1,2,3.6
93C,6,sapling,6,1972,TRUE,0,4.5,0.2,1,3.38
93C,7,sapling,5,1973,TRUE,0,4.5,0.2,1,3.38
93C,8,sapling,6,1975,TRUE,0,4.5,0.1,2,3.38
93C,9,sapling,9,1979,TRUE,0,4.5,0.2,1,3.38
93C,11,sapling,11,1984,TRUE,0,4.5,0.079,1,2.8
93C,11,sapling,11,1984,TRUE,0,4.5,0.085,1,2.8
93C,12,sapling,8,1990,TRUE,0.5,4.5,0.079,1,2.8
93C,12,sapling,8,1990,TRUE,0.5,4.5,0.085,1,2.8
93C,13,sapling,8,1995,TRUE,0.5,4.5,0.079,1,2.8
93C,13,sapling,8,1995,TRUE,0.5,4.5,0.085,1,2.8
93C,10,sapling,,,FALSE,,,,,2.8
90,20,sapling - large,7,2000,TRUE,2.5,4.5,0.05,6,9.91
90,21,sapling - large,7,2001,TRUE,2.5,4.5,0.05,6,9.91
90,22,sapling - large,6,2005,TRUE,2.5,4.5,0.05,6,9.91
90,24,sapling - large,6,2010,TRUE,2.5,4.5,0.05,6,9.91
90,25,sapling - large,5,2011,TRUE,2.5,4.5,0.05,6,9.91
91,14,sapling - large,7,2000,TRUE,2.5,4.5,0.05,6,9.74
91,15,sapling - large,7,2005,TRUE,2.5,4.5,0.05,6,9.74
91,16,sapling - large,6,2010,TRUE,2.5,4.5,0.05,6,9.74
91,17,sapling - large,5,2011,TRUE,2.5,4.5,0.05,6,9.74
92,14,sapling - large,6,2000,TRUE,2.5,4.5,0.05,6,9.91
92,15,sapling - large,7,2005,TRUE,2.5,4.5,0.05,6,9.91
92,16,sapling - large,6,2010,TRUE,2.5,4.5,0.05,6,9.91
92,17,sapling - large,5,2011,TRUE,2.5,4.5,0.05,6,9.91
93A,12,sapling - large,7,2000,TRUE,2.5,4.5,0.05,2,3.3
93A,13,sapling - large,8,2004,TRUE,2.5,4.5,0.05,2,3.3
93A,14,sapling - large,6,2010,TRUE,2.5,4.5,0.05,2,3.3
93B,13,sapling - large,7,2000,TRUE,2.5,4.5,0.05,2,3.6
93B,14,sapling - large,8,2004,TRUE,2.5,4.5,0.05,2,3.6
93B,15,sapling - large,6,2010,TRUE,2.5,4.5,0.05,2,3.6
93C,14,sapling - large,7,2000,TRUE,2.5,4.5,0.05,2,2.8
93C,15,sapling - large,8,2004,TRUE,2.5,4.5,0.05,2,2.8
93C,16,sapling - large,6,2010,TRUE,2.5,4.5,0.05,2,2.8
90,20,sapling - small,7,2000,TRUE,0.5,2.5,0.02,6,9.91
90,21,sapling - small,7,2001,TRUE,0.5,2.5,0.02,6,9.91
90,22,sapling - small,6,2005,TRUE,0.5,2.5,0.02,6,9.91
90,24,sapling - small,6,2010,TRUE,0.5,2.5,0.02,6,9.91
90,25,sapling - small,5,2011,TRUE,0.5,2.5,0.02,6,9.91
91,14,sapling - small,7,2000,TRUE,0.5,2.5,0.02,6,9.74
91,15,sapling - small,7,2005,TRUE,0.5,2.5,0.02,6,9.74
91,16,sapling - small,6,2010,TRUE,0.5,2.5,0.02,6,9.74
91,17,sapling - small,5,2011,TRUE,0.5,2.5,0.02,6,9.74
92,14,sapling - small,6,2000,TRUE,0.5,2.5,0.02,6,9.91
92,15,sapling - small,7,2005,TRUE,0.5,2.5,0.02,6,9.91
92,16,sapling - small,6,2010,TRUE,0.5,2.5,0.02,6,9.91
92,17,sapling - small,5,2011,TRUE,0.5,2.5,0.02,6,9.91
93A,12,sapling - small,7,2000,TRUE,0.5,2.5,0.02,2,3.3
93A,13,sapling - small,8,2004,TRUE,0.5,2.5,0.02,2,3.3
93A,14,sapling - small,6,2010,TRUE,0.5,2.5,0.02,2,3.3
93B,13,sapling - small,7,2000,TRUE,0.5,2.5,0.05,2,3.6
93B,14,sapling - small,8,2004,TRUE,0.5,2.5,0.05,2,3.6
93B,15,sapling - small,6,2010,TRUE,0.5,2.5,0.05,2,3.6
93C,14,sapling - small,7,2000,TRUE,0.5,2.5,0.02,2,2.8
93C,15,sapling - small,8,2004,TRUE,0.5,2.5,0.02,2,2.8
93C,16,sapling - small,6,2010,TRUE,0.5,2.5,0.02,2,2.8
90,0,seedling,5,1950,TRUE,,0.5,0.001,40,9.91
90,1,seedling,10,1952,TRUE,,0.5,0.001,40,9.91
90,3,seedling,10,1955,TRUE,,0,0.001,40,9.91
90,4,seedling,8,1959,TRUE,,0,0.001,40,9.91
90,6,seedling,9,1964,TRUE,,0,0.001,40,9.91
90,8,seedling,8,1969,TRUE,,0,0.001,40,9.91
90,10,seedling,9,1974,TRUE,,0,0.001,40,9.91
90,11,seedling,5,1975,TRUE,,0,0.001,80,9.91
90,12,seedling,8,1979,TRUE,,0,0.001,80,9.91
90,13,seedling,10,1979,TRUE,,0,0.001,80,9.91
90,14,seedling,8,1984,TRUE,,0,0.001,80,9.91
90,15,seedling,11,1984,TRUE,,0,0.001,80,9.91
90,16,seedling,7,1990,TRUE,,0.5,0.001,80,9.91
90,17,seedling,11,1990,TRUE,,0.5,0.001,80,9.91
90,18,seedling,8,1995,TRUE,,0.5,0.001,80,9.91
90,2,seedling,,,FALSE,,,,,9.91
90,5,seedling,,,FALSE,,,,,9.91
90,7,seedling,,,FALSE,,,,,9.91
90,9,seedling,,,FALSE,,,,,9.91
90,19,seedling,,,FALSE,,,,,9.91
90,20,seedling,,,FALSE,,,,,9.91
90,21,seedling,,,FALSE,,,,,9.91
90,22,seedling,,,FALSE,,,,,9.91
90,23,seedling,,,FALSE,,,,,9.91
90,24,seedling,,,FALSE,,,,,9.91
90,25,seedling,,,FALSE,,,,,9.91
91,0,seedling,5,1950,TRUE,,0.5,0.001,40,9.74
91,1,seedling,10,1952,TRUE,,0.5,0.001,40,9.74
91,2,seedling,10,1955,TRUE,,0,0.001,40,9.74
91,3,seedling,8,1959,TRUE,,0,0.001,40,9.74
91,4,seedling,9,1964,TRUE,,0,0.001,40,9.74
91,5,seedling,9,1965,TRUE,,0,0.001,40,9.74
91,6,seedling,8,1969,TRUE,,0,0.001,40,9.74
91,7,seedling,6,1975,TRUE,,0,0.001,80,9.74
91,8,seedling,8,1979,TRUE,,0,0.001,80,9.74
91,9,seedling,10,1979,TRUE,,0,0.001,80,9.74
91,10,seedling,9,1984,TRUE,,0,0.001,80,9.74
91,11,seedling,8,1990,TRUE,,0.5,0.001,80,9.74
91,12,seedling,8,1995,TRUE,,0,0.001,80,9.74
91,13,seedling,,,FALSE,,,,,9.74
91,14,seedling,,,FALSE,,,,,9.74
91,15,seedling,,,FALSE,,,,,9.74
91,16,seedling,,,FALSE,,,,,9.74
91,17,seedling,,,FALSE,,,,,9.74
92,0,seedling,5,1950,TRUE,,0.5,0.001,40,9.91
92,1,seedling,10,1952,TRUE,,0.5,0.001,40,9.91
92,2,seedling,10,1955,TRUE,,0,0.001,40,9.91
92,3,seedling,8,1959,TRUE,,0,0.001,40,9.91
92,4,seedling,9,1964,TRUE,,0,0.001,40,9.91
92,5,seedling,9,1965,TRUE,,0,0.001,40,9.91
92,6,seedling,8,1969,TRUE,,0,0.001,40,9.91
92,7,seedling,6,1975,TRUE,,0,0.001,80,9.91
92,8,seedling,8,1979,TRUE,,0,0.001,80,9.91
92,9,seedling,11,1979,TRUE,,0,0.001,80,9.91
92,10,seedling,10,1984,TRUE,,0,0.001,80,9.91
92,11,seedling,8,1990,TRUE,,0.5,0.001,80,9.91
92,12,seedling,8,1995,TRUE,,0.5,0.001,80,9.91
92,13,seedling,,,FALSE,,,,,9.91
92,14,seedling,,,FALSE,,,,,9.91
92,15,seedling,,,FALSE,,,,,9.91
92,16,seedling,,,FALSE,,,,,9.91
92,17,seedling,,,FALSE,,,,,9.91
93,0,seedling,5,1950,TRUE,,0.5,0.001,40,10.28
93,1,seedling,10,1952,TRUE,,0.5,0.001,40,10.28
93,2,seedling,10,1955,TRUE,,0,0.001,40,10.28
93,3,seedling,8,1959,TRUE,,0,0.001,40,10.28
93,4,seedling,10,1964,TRUE,,0,0.001,40,10.28
93,5,seedling,8,1969,TRUE,,0,0.001,40,10.28
93A,6,seedling,7,1972,TRUE,,0,0.001,40,3.3
93A,7,seedling,6,1975,TRUE,,0,0.001,40,3.3
93A,8,seedling,8,1979,TRUE,,0,0.001,40,3.3
93A,9,seedling,11,1984,TRUE,,0.5,0.001,40,3.3
93A,10,seedling,8,1990,TRUE,,0.5,0.001,40,3.3
93A,11,seedling,8,1995,TRUE,,0.5,0.001,40,3.3
93A,12,seedling,,,FALSE,,,,,3.3
93A,13,seedling,,,FALSE,,,,,3.3
93A,14,seedling,,,FALSE,,,,,3.3
93B,6,seedling,7,1972,TRUE,,0,0.001,40,3.6
93B,7,seedling,5,1973,TRUE,,0,0.001,40,3.6
93B,8,seedling,6,1975,TRUE,,0,0.001,40,3.6
93B,9,seedling,8,1979,TRUE,,0,0.001,40,3.6
93B,10,seedling,11,1984,TRUE,,0,0.001,40,3.6
93B,11,seedling,8,1990,TRUE,,0.5,0.001,40,3.6
93B,12,seedling,8,1995,TRUE,,0.5,0.001,40,3.6
93B,13,seedling,,,FALSE,,,,,3.6
93B,14,seedling,,,FALSE,,,,,3.6
93B,15,seedling,,,FALSE,,,,,3.6
93C,6,seedling,6,1972,TRUE,,0,0.001,40,3.38
93C,7,seedling,5,1973,TRUE,,0,0.001,40,3.38
93C,8,seedling,6,1975,TRUE,,0,0.001,40,3.38
93C,9,seedling,8,1979,TRUE,,0,0.001,40,3.38
93C,11,seedling,11,1984,TRUE,,0,0.001,32,2.8
93C,12,seedling,8,1990,TRUE,,0.5,0.001,32,2.8
93C,13,seedling,8,1995,TRUE,,0.5,0.001,33,2.8
93C,10,seedling,,,FALSE,,,,,2.8
93C,14,seedling,,,FALSE,,,,,2.8
93C,15,seedling,,,FALSE,,,,,2.8
93C,16,seedling,,,FALSE,,,,,2.8
90,,PCT,3,1985,TRUE,,,,,9.91
