<?xml version="1.0"?>
<?xml-stylesheet href='NBII_classic.xsl' type='text/xsl'?>
<metadata>
  <idinfo>
    <citation>
      <citeinfo>
        <origin>Waskiewicz, Justin D.</origin>
        <origin>Kenefic, Laura S.</origin>
        <origin>Puhlick, Joshua J.</origin>
        <origin>Rogers, Nicole S.</origin>
        <origin>Brissette, John C.</origin>
        <pubdate>2014</pubdate>
        <title>Overstory tree and regeneration data from the "Management Intensity Demonstration" study at Penobscot Experimental Forest</title>
        <geoform>tabular digital data</geoform>
        <pubinfo>
          <pubplace>Fort Collins, CO</pubplace>
          <publish>Forest Service Research Data Archive</publish>
        </pubinfo>
        <onlink>https://doi.org/10.2737/RDS-2014-0003</onlink>
      </citeinfo>
    </citation>
    <descript>
      <abstract>This data publication contains overstory and sapling tree measurements, seedling stocking tallies, and permanent sample plot location data collected from 1950 to 2011 at the Penobscot Experimental Forest in Maine. These data were collected under the working plan: RS-NE "Cutting Practice Level Plots: Penobscot Experimental Forest" and later revisions (see Methodology citation section). This study provides data for four different management regimes: selection cutting on 5-year ("high-order") and 15-year ("good") cycles, fixed diameter-limit cutting on a 15-year cycle ("fair"), and unregulated harvest ("poor") which is also called commercial clearcutting.</abstract>
      <purpose>The primary objective of the management intensity demonstration (MID) study is to provide a publicly accessible comparsion of long-term consequences of the four different management regimes, originally referred to as "Cutting Practice Levels (CPLs)". These management units served as a pilot for larger-scale silvicultural studies that have since been established; their accompanying records provide data on growth and development over more than 60 years of management.</purpose>
      <supplinf>A number of revisions have been made to this long-term study over time, including but not limited to changes in silvicultural prescriptions (e.g., target residual basal areas and tree size thresholds for removals), sampling protocols (e.g., numbers and sizes of plots, tree species and condition codes, and measurements), and response variables (e.g., overstory tree attributes, regeneration, and recruited deadwood).  We strongly recommend that users read the working plan and accompanying documentation provided with the full data publication download before proceeding with data summary or analysis.

Original metadata date was 03/06/2014. Minor updates on 04/17/2014.

Minor metadata updates on 12/09/2016.</supplinf>
    </descript>
    <timeperd>
      <timeinfo>
        <rngdates>
          <begdate>1950</begdate>
          <enddate>2011</enddate>
        </rngdates>
      </timeinfo>
      <current>ground condition</current>
    </timeperd>
    <status>
      <progress>In work</progress>
      <update>As needed</update>
    </status>
    <spdom>
      <descgeog>The 4000 acre Penobscot Experimental Forest (PEF) is located in the towns of Bradley and Eddington, Maine. Silvicultural treatments for this study were installed and research takes place on approximately 40 acres located in the northern half of the PEF ownership.</descgeog>
      <bounding>
        <westbc>-68.628</westbc>
        <eastbc>-68.621</eastbc>
        <northbc>44.857</northbc>
        <southbc>44.852</southbc>
      </bounding>
    </spdom>
    <keywords>
      <theme>
        <themekt>ISO 19115 Topic Category</themekt>
        <themekey>biota</themekey>
      </theme>
      <theme>
        <themekt>National Research &amp; Development Taxonomy</themekt>
        <themekey>Forest Products</themekey>
        <themekey>Forest products industry</themekey>
        <themekey>Inventory, Monitoring, &amp; Analysis</themekey>
        <themekey>Assessments</themekey>
        <themekey>Natural Resource Management &amp; Use</themekey>
        <themekey>Conservation</themekey>
        <themekey>Forest management</themekey>
        <themekey>Restoration</themekey>
        <themekey>Timber</themekey>
      </theme>
      <theme>
        <themekt>None</themekt>
        <themekey>silviculture</themekey>
        <themekey>species composition</themekey>
        <themekey>forest management</themekey>
        <themekey>forest stand dynamics</themekey>
        <themekey>tree regeneration</themekey>
        <themekey>tree and stand growth</themekey>
        <themekey>cutting practice levels</themekey>
        <themekey>EFR</themekey>
        <themekey>Experimental Forest</themekey>
        <themekey>balsam fir</themekey>
        <themekey>red spruce</themekey>
        <themekey>woody plants</themekey>
      </theme>
      <place>
        <placekt>None</placekt>
        <placekey>Penobscot Experimental Forest</placekey>
        <placekey>Maine</placekey>
      </place>
    </keywords>
    <taxonomy>
      <keywtax>
        <taxonkt>None</taxonkt>
        <taxonkey>multiple species</taxonkey>
        <taxonkey>plants</taxonkey>
      </keywtax>
      <taxonsys>
        <classsys>
          <classcit>
            <citeinfo>
              <origin>ITIS</origin>
              <pubdate>2011</pubdate>
              <title>Integrated Taxonomic Information System</title>
              <geoform>database</geoform>
              <othercit>Retrieved [September, 02, 2011]</othercit>
              <onlink>https://www.itis.gov</onlink>
            </citeinfo>
          </classcit>
        </classsys>
        <taxonpro>
        </taxonpro>
      </taxonsys>
      <taxoncl>
        <taxonrn>Kingdom</taxonrn>
        <taxonrv>Plantae</taxonrv>
        <taxoncl>
          <taxonrn>Subkingdom</taxonrn>
          <taxonrv>Tracheobionta</taxonrv>
          <taxoncl>
            <taxonrn>Division</taxonrn>
            <taxonrv>Coniferophyta</taxonrv>
            <taxoncl>
              <taxonrn>Class</taxonrn>
              <taxonrv>Pinopsida</taxonrv>
              <taxoncl>
                <taxonrn>Order</taxonrn>
                <taxonrv>Pinales</taxonrv>
                <taxoncl>
                  <taxonrn>Family</taxonrn>
                  <taxonrv>Cupressaceae</taxonrv>
                  <taxoncl>
                    <taxonrn>Genus</taxonrn>
                    <taxonrv>Thuja L.</taxonrv>
                    <taxoncl>
                      <taxonrn>Species</taxonrn>
                      <taxonrv>Thuja occidentalis L.</taxonrv>
                      <common>northern white-cedar</common>
                    </taxoncl>
                  </taxoncl>
                </taxoncl>
                <taxoncl>
                  <taxonrn>Family</taxonrn>
                  <taxonrv>Pinaceae</taxonrv>
                  <taxoncl>
                    <taxonrn>Genus</taxonrn>
                    <taxonrv>Abies</taxonrv>
                    <taxoncl>
                      <taxonrn>Species</taxonrn>
                      <taxonrv>Abies balsamea (L.) Mill.</taxonrv>
                      <common>balsam fir</common>
                    </taxoncl>
                  </taxoncl>
                  <taxoncl>
                    <taxonrn>Genus</taxonrn>
                    <taxonrv>Larix Mill.</taxonrv>
                    <taxoncl>
                      <taxonrn>Species</taxonrn>
                      <taxonrv>Larix laricina (Du Roi) K. Koch</taxonrv>
                      <common>eastern larch, tamarack</common>
                    </taxoncl>
                  </taxoncl>
                  <taxoncl>
                    <taxonrn>Genus</taxonrn>
                    <taxonrv>Picea A. Dietr.</taxonrv>
                    <taxoncl>
                      <taxonrn>Species</taxonrn>
                      <taxonrv>Picea glauca (Moench) Voss</taxonrv>
                      <common>white spruce, cat spruce</common>
                    </taxoncl>
                    <taxoncl>
                      <taxonrn>Species</taxonrn>
                      <taxonrv>Picea rubens Sarg.</taxonrv>
                      <common>red spruce</common>
                    </taxoncl>
                    <taxoncl>
                      <taxonrn>Species</taxonrn>
                      <taxonrv>Picea mariana (Mill) B. S. P.</taxonrv>
                      <common>black spruce</common>
                    </taxoncl>
                  </taxoncl>
                  <taxoncl>
                    <taxonrn>Genus</taxonrn>
                    <taxonrv>Pinus L.</taxonrv>
                    <common>pine</common>
                    <taxoncl>
                      <taxonrn>Species</taxonrn>
                      <taxonrv>Pinus strobus L.</taxonrv>
                      <common>eastern white pine</common>
                    </taxoncl>
                    <taxoncl>
                      <taxonrn>Species</taxonrn>
                      <taxonrv>Pinus resinosa Ait.</taxonrv>
                      <common>red pine</common>
                    </taxoncl>
                  </taxoncl>
                  <taxoncl>
                    <taxonrn>Genus</taxonrn>
                    <taxonrv>Tsuga Carriere</taxonrv>
                    <taxoncl>
                      <taxonrn>Species</taxonrn>
                      <taxonrv>Tsuga canadensis (L.) Carriere</taxonrv>
                      <common>eastern hemlock</common>
                    </taxoncl>
                  </taxoncl>
                </taxoncl>
              </taxoncl>
            </taxoncl>
          </taxoncl>
          <taxoncl>
            <taxonrn>Division</taxonrn>
            <taxonrv>Magnoliophyta</taxonrv>
            <taxoncl>
              <taxonrn>Class</taxonrn>
              <taxonrv>Magnoliopsida</taxonrv>
              <taxoncl>
                <taxonrn>Subclass</taxonrn>
                <taxonrv>Asteridae</taxonrv>
                <taxoncl>
                  <taxonrn>Order</taxonrn>
                  <taxonrv>Scrophulariales</taxonrv>
                  <taxoncl>
                    <taxonrn>Family</taxonrn>
                    <taxonrv>Oleaceae</taxonrv>
                    <taxoncl>
                      <taxonrn>Genus</taxonrn>
                      <taxonrv>Fraxinus L.</taxonrv>
                      <taxoncl>
                        <taxonrn>Species</taxonrn>
                        <taxonrv>Fraxinus nigra Marsh.</taxonrv>
                        <common>black ash</common>
                      </taxoncl>
                      <taxoncl>
                        <taxonrn>Species</taxonrn>
                        <taxonrv>Fraxinus americana L.</taxonrv>
                        <common>white ash</common>
                      </taxoncl>
                    </taxoncl>
                  </taxoncl>
                </taxoncl>
              </taxoncl>
              <taxoncl>
                <taxonrn>Subclass</taxonrn>
                <taxonrv>Dilleniidae</taxonrv>
                <taxoncl>
                  <taxonrn>Order</taxonrn>
                  <taxonrv>Malvales</taxonrv>
                  <taxoncl>
                    <taxonrn>Family</taxonrn>
                    <taxonrv>Tiliaceae</taxonrv>
                    <taxoncl>
                      <taxonrn>Genus</taxonrn>
                      <taxonrv>Tilia L.</taxonrv>
                      <taxoncl>
                        <taxonrn>Species</taxonrn>
                        <taxonrv>Tilia americana L.</taxonrv>
                        <common>basswood</common>
                      </taxoncl>
                    </taxoncl>
                  </taxoncl>
                </taxoncl>
                <taxoncl>
                  <taxonrn>Order</taxonrn>
                  <taxonrv>Salicales</taxonrv>
                  <taxoncl>
                    <taxonrn>Family</taxonrn>
                    <taxonrv>Salicaceae</taxonrv>
                    <taxoncl>
                      <taxonrn>Genus</taxonrn>
                      <taxonrv>Populus L.</taxonrv>
                      <taxoncl>
                        <taxonrn>Species</taxonrn>
                        <taxonrv>Populus balsamifera L.</taxonrv>
                        <common>balsam poplar</common>
                      </taxoncl>
                      <taxoncl>
                        <taxonrn>Species</taxonrn>
                        <taxonrv>Populus grandidentata Michx.</taxonrv>
                        <common>bigtooth aspen</common>
                      </taxoncl>
                      <taxoncl>
                        <taxonrn>Species</taxonrn>
                        <taxonrv>Populus tremuloides Michx.</taxonrv>
                        <common>quaking aspen, trembling aspen</common>
                      </taxoncl>
                    </taxoncl>
                  </taxoncl>
                </taxoncl>
              </taxoncl>
              <taxoncl>
                <taxonrn>Subclass</taxonrn>
                <taxonrv>Hamamelidae</taxonrv>
                <taxoncl>
                  <taxonrn>Order</taxonrn>
                  <taxonrv>Fagales</taxonrv>
                  <taxoncl>
                    <taxonrn>Family</taxonrn>
                    <taxonrv>Betulaceae</taxonrv>
                    <taxoncl>
                      <taxonrn>Genus</taxonrn>
                      <taxonrv>Betula L.</taxonrv>
                      <taxoncl>
                        <taxonrn>Genus</taxonrn>
                        <taxonrv>Betula alleghaniensis Britt.</taxonrv>
                        <common>yellow birch</common>
                      </taxoncl>
                      <taxoncl>
                        <taxonrn>Species</taxonrn>
                        <taxonrv>Betula papyrifera Marsh.</taxonrv>
                        <common>paper birch, white birch</common>
                      </taxoncl>
                      <taxoncl>
                        <taxonrn>Species</taxonrn>
                        <taxonrv>Betula populifolia Marsh.</taxonrv>
                        <common>gray birch</common>
                      </taxoncl>
                    </taxoncl>
                    <taxoncl>
                      <taxonrn>Genus</taxonrn>
                      <taxonrv>Ostrya Scop.</taxonrv>
                      <taxoncl>
                        <taxonrn>Species</taxonrn>
                        <taxonrv>Ostrya virginiana (P. Mill.) K. Koch</taxonrv>
                        <common>hophornbeam, ironwood</common>
                      </taxoncl>
                    </taxoncl>
                  </taxoncl>
                  <taxoncl>
                    <taxonrn>Family</taxonrn>
                    <taxonrv>Fagaceae</taxonrv>
                    <taxoncl>
                      <taxonrn>Genus</taxonrn>
                      <taxonrv>Fagus L.</taxonrv>
                      <taxoncl>
                        <taxonrn>Species</taxonrn>
                        <taxonrv>Fagus grandifolia Ehrh.</taxonrv>
                        <common>American beech</common>
                      </taxoncl>
                    </taxoncl>
                    <taxoncl>
                      <taxonrn>Genus</taxonrn>
                      <taxonrv>Quercus L.</taxonrv>
                      <common>oak</common>
                    </taxoncl>
                  </taxoncl>
                </taxoncl>
                <taxoncl>
                  <taxonrn>Order</taxonrn>
                  <taxonrv>Urticales</taxonrv>
                  <taxoncl>
                    <taxonrn>Family</taxonrn>
                    <taxonrv>Ulmaceae</taxonrv>
                    <taxoncl>
                      <taxonrn>Genus</taxonrn>
                      <taxonrv>Ulmus L.</taxonrv>
                      <common>elm</common>
                    </taxoncl>
                  </taxoncl>
                </taxoncl>
              </taxoncl>
              <taxoncl>
                <taxonrn>Subclass</taxonrn>
                <taxonrv>Rosidae</taxonrv>
                <taxoncl>
                  <taxonrn>Order</taxonrn>
                  <taxonrv>Rosales</taxonrv>
                  <taxoncl>
                    <taxonrn>Family</taxonrn>
                    <taxonrv>Rosaceae</taxonrv>
                    <taxoncl>
                      <taxonrn>Genus</taxonrn>
                      <taxonrv>Amelanchier Medik.</taxonrv>
                      <common>serviceberry</common>
                    </taxoncl>
                    <taxoncl>
                      <taxonrn>Genus</taxonrn>
                      <taxonrv>Prunus L.</taxonrv>
                      <taxoncl>
                        <taxonrn>Species</taxonrn>
                        <taxonrv>Prunus pensylvanica L. f.</taxonrv>
                        <common>pin cherry, fire cherry</common>
                      </taxoncl>
                      <taxoncl>
                        <taxonrn>Species</taxonrn>
                        <taxonrv>Prunus serotina Ehrh.</taxonrv>
                        <common>black cherry</common>
                      </taxoncl>
                    </taxoncl>
                  </taxoncl>
                </taxoncl>
                <taxoncl>
                  <taxonrn>Order</taxonrn>
                  <taxonrv>Sapindales</taxonrv>
                  <taxoncl>
                    <taxonrn>Family</taxonrn>
                    <taxonrv>Aceraceae</taxonrv>
                    <taxoncl>
                      <taxonrn>Genus</taxonrn>
                      <taxonrv>Acer L.</taxonrv>
                      <taxoncl>
                        <taxonrn>Species</taxonrn>
                        <taxonrv>Acer pensylvanicum L.</taxonrv>
                        <common>striped maple</common>
                      </taxoncl>
                      <taxoncl>
                        <taxonrn>Species</taxonrn>
                        <taxonrv>Acer rubrum L.</taxonrv>
                        <common>red maple</common>
                      </taxoncl>
                      <taxoncl>
                        <taxonrn>Species</taxonrn>
                        <taxonrv>Acer saccharum Marsh.</taxonrv>
                        <common>sugar maple</common>
                      </taxoncl>
                    </taxoncl>
                  </taxoncl>
                </taxoncl>
              </taxoncl>
            </taxoncl>
          </taxoncl>
        </taxoncl>
      </taxoncl>
    </taxonomy>
    <accconst>None</accconst>
    <useconst>These data were collected using funding from the U.S. Government and can be used without additional permissions or fees. If you use these data in a publication, presentation, or other research product please use the citation below when citing the data product: 

Waskiewicz, Justin D.; Kenefic, Laura S.; Puhlick, Joshua J.; Rogers, Nicole S.; Brissette, John C. 2014. Overstory tree and regeneration data from the "Management Intensity Demonstration" study at Penobscot Experimental Forest. Fort Collins, CO: Forest Service Research Data Archive. https://doi.org/10.2737/RDS-2014-0003</useconst>
    <ptcontac>
      <cntinfo>
        <cntperp>
          <cntper>Laura S. Kenefic</cntper>
          <cntorg>USDA Forest Service, Northern Research Station</cntorg>
        </cntperp>
        <cntaddr>
          <addrtype>mailing and physical</addrtype>
          <address>686 Government Road</address>
          <city>Bradley</city>
          <state>ME</state>
          <postal>04411</postal>
          <country>USA</country>
        </cntaddr>
        <cntvoice>207-581-2794</cntvoice>
        <cntemail>lkenefic@fs.fed.us</cntemail>
      </cntinfo>
    </ptcontac>
    <browse>
      <browsen>\Supplements\MID_Map_2011.jpg</browsen>
      <browsed>JPEG image file containing a map of the MID study area and plot locations, which also shows the location of the study on the Penobscot Experimental Forest.</browsed>
      <browset>JPEG</browset>
    </browse>
    <datacred>These data were collected on the Penobscot Experimental Forest by a unit of the Northern Research Station, USDA Forest Service. The Penobscot Experimental Forest is owned by the University of Maine Foundation and is jointly managed by the University of Maine, School of Forest Resources and USDA Forest Service, Northern Research Station. Funding for the collection and processing of these data was provided by USDA Forest Service, Research &amp; Development.</datacred>
    <native>Experiment data are primarily managed in a Microsoft Access relational database management system.</native>
    <crossref>
      <citeinfo>
        <origin>Hart, Arthur C.</origin>
        <pubdate>1964</pubdate>
        <title>The Penobscot Management-Intensity Demonstration Plots: An evaluation, after 9 years, of four different treatments and their effects on growth and development of mixed-softwood stands in Maine.</title>
        <geoform>document</geoform>
        <serinfo>
          <sername>Res. Pap.</sername>
          <issue>RP-NE-025</issue>
        </serinfo>
        <pubinfo>
          <pubplace>Upper Darby, PA</pubplace>
          <publish>U.S. Department of Agriculture, Forest Service, Northeastern Forest Experiment Station</publish>
        </pubinfo>
        <othercit>24 p.</othercit>
        <onlink>//www.treesearch.fs.fed.us/pubs/3842</onlink>
      </citeinfo>
    </crossref>
  </idinfo>
  <dataqual>
    <attracc>
      <attraccr>Measurement Quality Objectives (MQOs) used in this study are shown below. It is important to note that these were measurement objectives and, based on statistical analysis prior to sampling, it was determined these objectives could be met. Additionally, measurement objectives were determined in 2008; no statistics on attribute accuracy are available prior to that time.  

Variable Measurement (unit): MQO

Species (name/number code): No errors, 99% of time
Plot radius (feet): +/- 0.1 feet, 99% of time
Diameter at breast height (inches): +/- 0.1 inches, 99% of time
Distance from plot center (feet): +/- 0.1 feet, 99% of time
Azimuth from plot center (degrees from true north): +/- 2 degrees, 90% of time
Total height (feet): +/- 1 foot, 90% of time
Height to base of live crown (feet): +/- 1 foot, 90% of time
Crown projection (feet): +/- 1 foot, 95% of time
Tree condition (k-code): No errors, 95% of time 

Plot locations were GPSed with 0.25 to 2.0 meter accuracy

For more information see: 
\Supplements\AccuracyAttributeMemo_26Feb2014.pdf (which is available through the full data publication download).</attraccr>
    </attracc>
    <logic>Data collected at previous inventory were carried to the field to ensure that new data measurements agreed with the last measurement. After data entry, the original field sheets were compared to digital data to ensure data were entered correctly. If there were data with obvious errors, researchers went back to the field to re-measure / ensure measurements were correct.

For more details on these data, see the Methodology citation section for additional documention.</logic>
    <complete>In Permanent Sampling Plots (PSPs; year 2000 to 2011), diameter at breast height (dbh) of mortality was not measured. Dbh from the last inventory in which a mortality tree was alive was recorded instead.

Beginning after the establishment of PSPs in 2000, K-code 6 (mortality, cause unspecified) was discontinued, and was replaced by code 8 (harvested) and various letter codes corresponding to specified causes of mortality. Also at this time, K-codes were expanded to three digits, with the second providing information on deadwood status (standing, leaning, down, stump) and the third providing an ordinal classification of decay. For some trees, this information was not recorded, and K-codes in those instances contain zeros in the second and/or third field.

Several inventories were not measured. In management unit (MU)=90, inventories (INV)=3, 5, 7, 17, and 19 were not conducted for overstory trees, and INV=2, 5, 7, 9, and 19 were not conducted for seedlings and saplings. In MU=91 and 92, INV=13 (post- 1995 harvest) was not conducted. In MU=93C, there was no overstory inventory in 1972 or 1975 (INVs 7 and 8), and there was no seedling or sapling inventory in 1982 (INV 10). There was no post-harvest inventory for the 2005 harvest scheduled in MU=90 (INV 23) because that harvest was cancelled due to insufficient growing stock.

Estimates of overstory data for missing inventories were generated by subtracting marking tallies from the previous inventory.  Sapling and seedling data estimates were not generated for missing inventories.

Seedling plots were not measured in the MID PSPs; therefore, there are no data for trees &lt;0.5 inches dbh after year 1995. Before 1955 and after 1985 trees &gt;= 4.5 feet in height but &lt;0.5 inches dbh were considered seedlings and recorded on milacre plots. From 1955 to 1985, trees of this size were recorded as a sapling class (DClass = 0), inventoried on transects. 

Individual transects were not consistently distinguished in sapling and seedling data; when no distinction was made, transect was recorded as "ND" (not distinguished), and the expansion factor or number of seedling plots was adjusted accordingly. 

Although transect and seedling milacre plot locations were permanent over the duration of their use, their numbering was not consistent from inventory to inventory, so transect of milacre number only distinguishes transects or plots within an inventory.

Following a precommercial thinning of MU=93C in 1981, the size of this MU was reduced from 3.38 to 3.01 acres to exclude a wet area dominated by speckled alder. The expansion factor for this MU was thus reduced for INV=11, 12, and 13 (1984-1995). This change also shortened the two sapling transects in 93C, from 10 chains (660 feet) each to 8 and 8.5 chains (528 and 561 feet). Because it is not possible to distinguish these two transects in the data, the expansion factors given for 93C in INV=11, 12, and 13 reflect an average of the two lengths. The number of seedling plots was changed from 40 to 32 in INV=11 and 12, and to 33 in INV=13. 

Between February and May, 1975, the number of sapling transects in MU=90, 91, and 92 was changed from 2 to 4, and the number of seedling plots from 40 to 80. MU=90, INV=11 (1975) included two sapling transects but 80 seedling plots; in the other MID MUs, the change occurred before fieldwork began on that year's inventory.

In the fall of 1970, 2 tons/acre of lime were applied to a portion of MU=90. In the spring of 1972, 120 pounds/acre of 15-15-15 fertilizer was applied to another portion of the MU and over part of the limed area. Current PSP 51 occurs within the limed-and-fertilized area, and PSP 52 is on the boundary line between limed-and-fertilized and fertilized-only areas.

In 1988, six overstory red spruce of 13 to 17 inches dbh were cut in MU=90, three each from the limed area and adjacent un-fertilized area These trees were later tallied among the marked trees for the 1990 harvest (9th entry), and therefore were subtracted from the pre-harvest inventory (INV=16) in generating the post-harvest inventory estimate (INV=17).</complete>
    <posacc>
      <horizpa>
        <horizpar>Plot centers for measurements were located with a handheld GPS; the true accuracy is unknown.</horizpar>
      </horizpa>
    </posacc>
    <lineage>
      <method>
        <methtype>Field</methtype>
        <methdesc>This experimental design contains six treatments initiated in 1950, none of which are replicated. Uneven-aged silviculture with 5- and 15- year cutting cycles was applied to MU=90 and 91, respectively, each approximately 10 acres in size. Fixed diameter-limit cutting with 15-year harvest intervals was applied on a third approximate 10-acre MU (92). A fourth MU (93), initially a commercial clearcut (unregulated harvest), was subdivided in 1972 to form three MUs: 3.3 acres without further treatment (MU 93A); a commercial clearcut (3.6 acres; MU 93B); and an overstory removal (called a silvicultural clearcut; all trees &gt; 2.5 inches were removed) with precommercial thinning to 8-foot spacing ten years later (3 acres; MU 93C).  (Maps of the design can be found in \Supplements).

Overstory tree data:
Data on overstory trees (&gt;= 5-inch dbh class) have been recorded on MID MUs since 1950 at five-year intervals and both before and after harvest operations, with exceptions noted in the Completeness Report.  

Until 2000, overstory tree data were collected by 100% inventories of the MUs. Trees were not individually recorded, but tallied as merchantable, cull, or dead in 1-inch dbh classes, where 4.5 inches &lt;= 5-inch class &lt; 5.5 inches, etc. All trees measured between 1950 and 1995 were recorded with tree number "99" and cannot be distinguished as individuals in the data. Dead trees were blazed with hatchet marks so they would not be tallied as mortality after first recorded. From 1975 until the establishment of PSPs, all trees were marked with a horizontal line of paint at 4.5 feet, enabling ingrowth to be identified as a category from that time forward, as any unmarked trees 4.5 to &lt; 7.0 inches dbh.

In 2000, 24 PSPs were installed in the MID: 6 in each of the 10-acre MUs, and 2 in each of the smaller MUs.  On PSPs, trees were individually identified by painted numbers, measured to the nearest 0.1-inch dbh, and assigned a condition code (K-code). DCLASS was office-assigned as 4.5 inches &lt;= 5-inch class &lt;=  5.4 inches, etc.

Individual tree mortality was measured starting with the second PSP inventories. Upon first observation of mortality, dead trees were assigned a code indicating cause of death: 8=cut or killed during harvest, A=animal damage, B=breakage, S=suppression, T=PCT cut sapling, U=uprooted with wind, W=spruce budworm, or X=other or undetermined cause of death, in the first field of the K-code (code 6=cause not specified was discontinued with the end of 100% tally inventories). Trees dead for more than one inventory were assigned code D=dead in previous inventory in the first field of the K-code.

Tracking of deadwood condition began with PSP establishment in 2000 and was applied only to overstory trees (&gt;= 4.5 inches dbh at time of mortality). Deadwood was inventoried as long as it remained attached to the roots; separated bole sections, no matter their size, were not followed. The second field of the K-code was used to classify deadwood as standing, leaning, or downed snag (with &gt;= 4.5 feet of bole attached to the stump), or stump (&lt;= 4.5 feet of bole). The third field of the K-code was used to rate wood decay based on criteria differing for snags and stumps (see \Supplements\MID_K-Codes.pdf).

Deadwood definitions (used 2000-2011; second field of k-code; applied only to overstory trees):

Standing snag (code S) = without a discernible lean.
Leaning snag (code L) =  leaning but not touching the ground at any point.
Downed snag (code D) =  touching the ground at any point.
Stump (code P) = with &lt; 4.5 feet of attached bole.

Note: even if splintered, a dead tree was classified as a snag (not a stump) if &gt;= 4.5 feet of bole was attached to the stump.

Deadwood decay classes (used 2000-2011; third field of k-code; applied only to overstory trees):

For snags:
1 = Recent; tight bark; fine branches
2 = Bark somewhat peeling; large limbs only
3 = Bark heavily peeling; branch stubs
4 = Little to no bark; &lt; 50% of original height
5 = No evidence

For stumps: 
1 = Outer wood sound; bark intact; wood will splinter
2 = Outer wood partially rotted; loose bark
3 = Outer wood mostly rotted; some lichen present
4 = Outer wood very rotted (fluffy or doughy); lichens present
5 = No evidence

Sapling tree data:
Data on sapling trees (&gt;= 0.5 to &lt; 4.5 inches dbh, with exceptions noted in Completeness Report) have been recorded on MID MUs at approximately the same schedule as overstory inventories. Until 2000, sapling data were collected by tallies within 6.6-foot wide by 660-foot long transects (0.1 acre; except as noted in Completness Report): two in each MU until 1975 and four in the large, two in each of the small MUs after. Data collected before 2000 include number of trees of each species by 1-inch diameter class; no attempt was made to track sapling ingrowth or mortality, nor merchantabilty status.

Starting in 2000, sapling data were collected on PSPs, along with overstory tree data, using 1/20 acre plots for saplings &gt;= 2.5 inches dbh, and 1/50 acre plots for smaller saplings &gt;= 0.5 inches.  On PSPs, saplings were individually identified, measured, and assigned to dbh classes the same as overstory trees. K-codes assigned to saplings do not include those providing merchantability status, deadwood classification, or wood decay rating. 

Regeneration:
Regeneration data were collected on the MID study until 1995. Seedlings were defined as &lt; 0.5 inches dbh (except as noted in the Completeness Report), having secondary branches, but no minimum size. Seedlings were recorded as present or absent, by species, within each of 20 1-milacre (6.6-foot square) plots spaced at 33-foot intervals along the sapling transects (except as noted in the Completeness Report).  Starting in 2000, these seedling plots were discontinued, and no seedling data were recorded on PSPs. 

Plot locations:
Locations of PSP centers have been documented. Plot centers were GPSed using a Trimble XT unit in the summer of 2008. The positions were GPSed with 0.25 to 2.0 meter accuracy. 

Note:
Other than the information provided in the study plan suggesting characterisitcs to consider when selecting the study site, no information is available to explain how the exact location of the study was determined or how individual treatments were assigned to their MU.</methdesc>
        <methcite>
          <citeinfo>
            <origin>Northeastern Forest Experiment Station</origin>
            <pubdate>Unpublished material</pubdate>
            <title>Working Plan: Cutting Practice Level Plots, Penobscot Experimental Forest</title>
            <geoform>document</geoform>
            <serinfo>
              <sername>RS-NE</sername>
              <issue>
              </issue>
            </serinfo>
            <othercit>27 p. Approved in 1950. (available through full data publication download, \Supplements\MID_Plan_1950-4-12.pdf)</othercit>
          </citeinfo>
        </methcite>
        <methcite>
          <citeinfo>
            <origin>Northern Research Station</origin>
            <pubdate>Unpublished material</pubdate>
            <title>Layout of Sapling Transects, Seedling Plots, and Permanent Sample Plots (PSPs) used in the Management Intensity Demonstration (MID) Study</title>
            <geoform>diagram</geoform>
            <othercit>2 p. (available through full data publication download, \Supplements\MID_Transects_and_Plots.pdf)</othercit>
          </citeinfo>
        </methcite>
        <methcite>
          <citeinfo>
            <origin>Kenefic, Laura S.</origin>
            <pubdate>Unpublished material</pubdate>
            <title>Tree numbering on the Permanent Sample Plots (PSPs, also called Continuous Forest Inventory or CFI plots) in the Compartment Study</title>
            <geoform>document</geoform>
            <othercit>2 p. (available through full data publication download, \Supplements\Tree_numbering_PEF.pdf)</othercit>
          </citeinfo>
        </methcite>
        <methcite>
          <citeinfo>
            <origin>Waskiewicz, Justin D.</origin>
            <origin>Kenefic, Laura S.</origin>
            <pubdate>2013</pubdate>
            <title>Addendum to Working Plan: Cutting Practice Level Plots</title>
            <geoform>document</geoform>
            <othercit>8 p. (available through full data publication download, \Supplements\MID_WorkingPlan_Addendum.pdf)</othercit>
          </citeinfo>
        </methcite>
      </method>
      <method>
        <methtype>Field</methtype>
        <methdesc>Location of diameter at breast height (dbh) on sample trees:

Diameter at breast height (dbh) was measured at 4.5 feet above ground level; dbh was marked on the trees by a horizontal line of paint. This was done for all trees in MID plots from 1975 to 1995. From 2000 on, this was done only for trees in PSPs.

Ground level was regarded as the uphill or high point of the ground around the bole. If decay, limb swell, or other abnormalities created an out-of-round condition at 4.5 feet, dbh was moved up or down (whichever was less) to a normal bole condition. The new diameter measurement point as to represent, as closely as possible, the diameter had there been no abnormality.

Trees with curved boles: dbh was measured at a point 4.5 feet above the horizontal plane of the ground. 

Leaning trees with relatively straight boles: dbh was measured at a point 4.5 feet along the bole, from the high side of the ground. 

Trees forked less than 1.0 feet above the ground: dbh was measured on each bole, at a point 4.5 feet above ground level. Each bole was recorded as a separate tree.

Trees forked between 1.0 and 4.5 feet above the ground: dbh was measured on each bole, at a point 3.5 feet above the crotch of the fork. If this was too high to reach, a point as far up the bole as reasonably accessible was marked and measured. Each bole was recorded as a separate tree.  

Trees forked more than 4.5 feet above the ground: dbh was measured at a point 4.5 feet above ground level. This was recorded as one tree.

Incorrectly placed dbh marks: if a dbh mark was determined during a remeasurement to be less than 6 inches above or below where it should be, it was left unchanged and was remeasured.  If the existing mark was off by more than 6 inches, it was moved to the proper location.</methdesc>
      </method>
      <procstep>
        <procdesc>With establishment of PSPs in 2000, additional species codes were introduced to identify seedlings, saplings, and overstory trees to the species level. Before 2000, red and white pine were not distinguished (code 10), and hardwood trees were coded as red maple (code 15), paper birch (code 16), other soft hardwoods (code 25), or other hard hardwoods (code 40). Codes 9 (red pine), 17 through 24 and 26 through 38 were initiated in 2000. The other soft hardwood category included all species currently coded with numbers 17-24, and 26 (black ash, quaking aspen, basswood, gray birch, black cherry, pin cherry, elm species, bigtooth aspen, and balsam poplar). The other hard hardwoods category included all species currently coded with numbers 31-37 (white ash, American beech, yellow birch, hophornbeam, sugar maple, oak species and serviceberry).</procdesc>
        <procdate>Unknown</procdate>
      </procstep>
    </lineage>
  </dataqual>
  <eainfo>
    <overview>
      <eaover>This data publication contains five main data sets (found in the \Data folder in full data publication download), and multiple additional files (found in \Supplements) that are crucial to understanding these data. Below is a summary list of these 5 data files, and then a detailed description of each file and the variables they contain.

DATA FILE SUMMARY:
1. Tree measurements data include individual tree data from year 2000-2011 for all trees &gt;= 4.5 feet in height, such as: species, status code (e.g. dead or alive), and diameter at breast height (dbh).
2. Pre-2000 overstory measurement data include data for individual trees &gt;= 4.5 inches dbh, by size class, species, and status code.
3. Pre-2000 sapling measurement data include tallies of trees per inventory by size class and species.
4. Regeneration data from 1950-1995, includes seedling presence by species on plots.
5. Permanent plot location data include the geospatial coordinates for permanent sample plots.

OVERSTORY &gt;= 2000 (\Data\MID_Overstory_Trees_and_Saplings_2000-2011.csv):
  Comma-delimited ASCII text file containing tree measurement data from 2000-2011. Variables include:
EXPNUM = experiment number (all 1).
MU = management unit tree was sampled in.
PSP = permanent sample plot (PSP) number located within management unit.
INV = sequential inventory number.
USFSspID = tree species code (1-40, 99) (see \Supplements\MID_Species.pdf for a description of each species code).
MONTH = month of measurement (1-12).
YEAR = year of measurement.
EXPF = expansion factor (inverse of the plot size, see * below for a full explanation of EXPF for this dataset).
TREENUM = tree number;.
DCLASS = tree diameter class (inches).
DBH = tree diameter at breast height (inches);.
KCODE = tree condition code (see \Supplements\MID_K-codes.pdf for a description of each code).

* The expansion factor (used to convert observations to per-acre values) is derived from the size of the plot on which the tree was measured in a given inventory. The expansion factor changes for a given tree over time if it grows into the dbh range measured on the next larger nested plot. For example, trees 0.5 to &lt; 2.5 inches dbh have been measured on a 1/50-acre plot, 2.5 to &lt; 4.5 inches on a 1/20-acre plot, and &gt;= 4.5 inches on a 1/5-acre plot. As a tree initially sampled on the 1/50-acre plot grows across these size thresholds, its expansion factor changes from 50 to 20 to 5. 


OVERSTORY &lt; 2000 (\Data\MID_Overstory_Trees_Before_2000.csv): 
  Comma-delimited ASCII text file containing pre-2000 tree measurement data. Variables include:
EXPNUM = experiment number (all 1).
MU = management unit.
INV = sequential inventory number.
USFSspID = tree species code (1-40, 99) (see \Supplements\MID_Species.pdf for a description of each species code).
Month = month of inventory (1-12).
Year = year of inventory.
EXPF = expansion factor (inverse of MU size).
TREENUM = tree number (all 99 because tree numbers not assigned prior to 2000).
DCLASS = tree diameter class (inches).
KCODE = tree condition code (see \Supplements\MID_K-codes.pdf for a description of each code).


PLOT LOCATIONS (\Data\MID_Plot_Locations.csv):
  Comma-delimited ASCII text file containing permanent sample plot locations. Variables include:
MU = management unit.
PSP = permanent sample plot (PSP) number located within management unit.
DATUM = datum used.
PROJECTION = projection used.
UTM_EAST = Universal Transverse Mercator (UTM) easting coordinate (meters) of plot center.
UTM_NORTH = Universal Transverse Mercator (UTM) northing coordinate (meters) of plot center.
LONGITUDE = longitude (decimal degrees) of plot center.
LATITUDE = latitude (decimal degrees) of plot center.


REGENERATION (\Data\MID_Regeneration.csv):
Comma-delimited ASCII text file containing regeneration data from 1950-1995. Variables include:
MU = management unit seedling plot was sampled in.
TRANSECT = transect number (1-4 or ND = not distinguished, if transect was not specified in the field).
MILPLOT = milplot number (1-80).
INV = sequential inventory number.
Month = month of measurement (1-12).
Year = year of measurement.
1 = 1 or 0 indicating presence or absence of balsam fir seedling.
2 = 1 or 0 indicating presence or absence of spruce species seedling.
6 = 1 or 0 indicating presence or absence of eastern hemlock seedling.
7 = 1 or 0 indicating presence or absence of northern white cedar seedling.
10 = 1 or 0 indicating presence or absence of eastern white pine seedling.
11 = 1 or 0 indicating presence or absence of eastern larch (tamarack) seedling.
15 = 1 or 0 indicating presence or absence of red maple seedling.
16 = 1 or 0 indicating presence or absence of paper birch.
25 = 1 or 0 indicating presence or absence of "other soft hardwood" (see species code table in \Supplements\MID_Species.pdf).
40 = 1 or 0 indicating presence or absence of "other hard hardwood" (see species code table in \Supplements\MID_Species.pdf).
99 = 1 or 0 indicating presence or absence of "other species".


SAPLINGS &lt; 2000 (\Data\MID_Saplings_Before_2000.csv):
  Comma-delimited ASCII text file containing pre-2000 sapling measurement data. Variables include:
MU = management unit sapling transect was sampled in.
TRANSECT = transect number (1-4 or ND = not distinguished, if transect was not specified in the field).
INV = sequential inventory number.
USFSspID = tree species code (1-40, 99) (see \Supplements\MID_Species.pdf for a description of each species code).
Month = month of inventory (1-12).
Year = year of inventory.
NumOfTransects = number of transects sampled. If TRANSECT is 1-4, NumOfTransects is 1. If TRANSECT is ND, NumOfTransects may be 2 or 4.
EXPF = expansion factor, the inverse of sampled area.
DCLASS = diameter class of tallied trees (0-4 inches) (DCLASS 0 is for trees &lt; 0.5 inches dbh but &gt;= 4.5 feet tall, sampled only from 1955 to1985).
COUNT = number of trees tallied of given species and size class in given transect and inventory.


SUPPLEMENTAL FILES:


ACTIVITY SCHEDULE (\Supplements\MID_Activity_Schedule.csv):
 Comma-delimited ASCII text file containing inventory dates. Variables include:
MU = management unit of activity.
NUMBER = sequential number of activity within MU.
ACTIVITY = type of activity - overstory, sapling, or seedling inventory, marking, harvest, pruning, PCT, or other.
MONTH = month of activity (1-12), if known.
YEAR = year of activity, if known.
RECORD = TRUE if a paper record exists for the activity, FALSE if no paper record exists.
MINDBH = minimum DBH of trees recorded in activity (overstory, sapling, and seedling inventories only. 0 indicates trees &gt;= 4.5 feet in height but &lt; 0.5 inches DBH. Blank cells indicate no minimum size).
MAXDBH = maximum DBH of trees recorded in activity (overstory, sapling, and seedling inventories only. 0 indicates trees &gt;= 4.5 feet in height but &lt; 0.5 inches DBH. Blank cells indicate no maximum size).
PLOTSIZE = size of plots (acres, inventory activities only).
NUMPLOTS = number of plots of given size (inventory activities only).
UNITSIZE = size of MU at time of given activity.
COMMENTS = notes pertaining to the activity.


K-CODES (\Supplements\MID_K-codes.pdf):
 Adobe Acrobat PDF/a file containing detailed tree condition code descriptions for trees measured in this study:
K-code field: First, Second, Third = the alphanumeric value in one of the 3 fields in the tree condition code that represents different types of tree conditions (0-9, A-X).
First Use = first year this code was used.
Last Use = last year this code was used.
Description = description of tree condition. 


SPECIES (\Supplements\MID_Species.pdf):
  Adobe Acrobat PDF/a file containing detailed species code information:
Code = species code number (1-40, 99).
Common Name = common name for species.
Scientific Name = scientific name for species.
Start Year = first year this code was used.
End Year = last year this code was used.


OTHER SUPPLEMENTAL FILES:

\Supplements\AccuracyAttributeMemo_26Feb2014.pdf: Adobe Acrobat PDF file containing a memo concerning attribute accuracy information for the Compartment Study at Penobscot Experimental Forest.

\Supplements\MID_Layout_1950-2012.pdf: Adobe Acrobat PDF file containing maps of the Management Intensity Demonstration layouts from 1950-1972, 1975-1995, and 2000-2012 at the Penobscot Experimental Forest.

\Supplements\MID_Plan_1950-4-12.pdf: Adobe Acrobat PDF file containing the document "Working Plan: Cutting Practice Level Plots, Penobscot Experimental Forest".

\Supplements\MID_Timeline.pdf: Adobe Acrobat PDF/a file containing a timeline of Management Intensity Demonstration activities between 1950 and 2012.

\Supplements\MID_TrailMap.pdf: Adobe Acrobat PDF/a file containing a map of the Management Intensity Demonstration plots trails.

\Supplements\MID_Transects_and_Plots.pdf: Adobe Acrobat PDF/a file containing the document "Layout of Sapling Transects, Seedling Plots, and Permanent Sample Plots (PSPs) used in the Management Intensity Demonstration (MID) Study".

\Supplements\MID_WorkingPlan_Addendum.pdf: Adobe Acrobat PDF/a file containing the document "Addendum to Working Plan: Cutting Practice Level Plots".

\Supplements\Tree_numbering_PEF.pdf: Adobe Acrobat PDF/a file containing the document "Tree numbering on the Permanent Sample Plots (PSPs, also called Continuous Forest Inventory or CFI plots) in the Compartment Study".</eaover>
      <eadetcit>For more details on these data, see the Methodology citation section for additional documention.</eadetcit>
    </overview>
  </eainfo>
  <distinfo>
    <distrib>
      <cntinfo>
        <cntorgp>
          <cntorg>USDA Forest Service, Research and Development</cntorg>
        </cntorgp>
        <cntpos>Research Data Archivist</cntpos>
        <cntaddr>
          <addrtype>mailing and physical</addrtype>
          <address>240 West Prospect Road</address>
          <city>Fort Collins</city>
          <state>CO</state>
          <postal>80526</postal>
          <country>USA</country>
        </cntaddr>
        <cntvoice>see Contact Instructions</cntvoice>
        <cntinst>This contact information was current as of December 2016. For current information see Contact Us page on: https://doi.org/10.2737/RDS.</cntinst>
      </cntinfo>
    </distrib>
    <resdesc>RDS-2014-0003</resdesc>
    <distliab>This metadata document has been reviewed for accuracy and completeness. The data are considered to satisfy the quality standards relative to the purpose for which the data were collected. However, neither the author, the Archive, nor any part of the federal government can assure the reliability or suitability of these data for a particular purpose. The act of distribution shall not constitute any such warranty, and no responsibility is assumed for a user's application of these data or related materials.

The metadata, data, or related materials may be updated without notification. If a user believes errors are present in the metadata, data or related materials, please use the information in (1) Identification Information: Point of Contact, (2) Metadata Reference: Metadata Contact, or (3) Distribution Information: Distributor to notify the author or the Archive of the issues.</distliab>
    <stdorder>
      <digform>
        <digtinfo>
          <formname>ASCII</formname>
          <formvern>see Format Specification</formvern>
          <formspec>Comma-delimited ASCII text file</formspec>
          <filedec>Files zipped using WinZip 14.0</filedec>
        </digtinfo>
        <digtopt>
          <onlinopt>
            <computer>
              <networka>
                <networkr>https://doi.org/10.2737/RDS-2014-0003</networkr>
              </networka>
            </computer>
          </onlinopt>
        </digtopt>
      </digform>
      <digform>
        <digtinfo>
          <formname>PDF</formname>
          <formvern>see Format Specification</formvern>
          <formspec>Adobe Acrobat PDF file</formspec>
          <filedec>Files zipped using WinZip 14.0</filedec>
        </digtinfo>
        <digtopt>
          <onlinopt>
            <computer>
              <networka>
                <networkr>https://doi.org/10.2737/RDS-2014-0003</networkr>
              </networka>
            </computer>
          </onlinopt>
        </digtopt>
      </digform>
      <fees>None</fees>
    </stdorder>
  </distinfo>
  <metainfo>
    <metd>20161209</metd>
    <metc>
      <cntinfo>
        <cntperp>
          <cntper>Laura S. Kenefic</cntper>
          <cntorg>USDA Forest Service, Northern Research Station</cntorg>
        </cntperp>
        <cntaddr>
          <addrtype>mailing and physical</addrtype>
          <address>686 Government Road</address>
          <city>Bradley</city>
          <state>ME</state>
          <postal>04411</postal>
          <country>USA</country>
        </cntaddr>
        <cntvoice>207-581-2794</cntvoice>
        <cntemail>lkenefic@fs.fed.us</cntemail>
      </cntinfo>
    </metc>
    <metstdn>FGDC Biological Data Profile of the Content Standard for Digital Geospatial Metadata</metstdn>
    <metstdv>FGDC-STD-001.1-1999</metstdv>
  </metainfo>
</metadata>